Daily Time Spent on Site,Age,Area Income,Daily Internet Usage,Ad Topic Line,City,Male,Country,Timestamp,Clicked on Ad
68.95,35,61833.9,256.09,Cloned 5thgeneration orchestration,Wrightburgh,0,Tunisia,27-03-2016 00:53,0
80.23,31,68441.85,193.77,Monitored national standardization,West Jodi,1,Nauru,04-04-2016 01:39,0
69.47,26,59785.94,236.5,Organic bottom-line service-desk,Davidton,0,San Marino,13-03-2016 20:35,0
74.15,29,54806.18,245.89,Triple-buffered reciprocal time-frame,West Terrifurt,1,Italy,10-01-2016 02:31,0
68.37,35,73889.99,225.58,Robust logistical utilization,South Manuel,0,Iceland,03-06-2016 03:36,0
76.38,23,71319.06,273.3,Optimized content strategy,South Manuel,1,France,02-01-2016 06:00,0
52.21,31,60210.51,240.36,Monitored national standardization,Davidton,0,San Marino,02-01-2016 12:00,1
52.77,58,61289.72,143.92,Vision-oriented solution,Wrightburgh,0,Tunisia,02-01-2016 18:00,1
54.07,22,32658.97,288.58,Vision-oriented solution,West Terrifurt,1,India,03-01-2016 00:00,1
38.57,26,34797.65,212.27,Robust logistical utilization,Millerport,1,France,03-01-2016 06:00,0
89.84,26,50571.58,118.18,Cloned 5thgeneration orchestration,West Jodi,0,San Marino,03-01-2016 12:00,1
65.78,42,42897.16,299.22,Robust logistical utilization,Wrightburgh,0,Iceland,03-01-2016 18:00,1
36.69,45,29489.47,100.65,Robust logistical utilization,Davidton,0,Iceland,04-01-2016 00:00,0
39.17,28,52362.74,255.73,Cloned 5thgeneration orchestration,Lake Jose,1,Tunisia,04-01-2016 06:00,0
85.75,37,34367.14,148.17,Monitored national standardization,West Jodi,1,Nauru,04-01-2016 12:00,0
37.7,48,76810.92,133.03,Optimized content strategy,West Terrifurt,0,Iceland,04-01-2016 18:00,1
89.71,59,42405.23,279.92,Advanced mobile framework,West Jodi,0,Italy,05-01-2016 00:00,0
50.29,55,53235.29,217.69,Cloned 5thgeneration orchestration,West Jodi,0,Italy,05-01-2016 06:00,0
84.33,39,24251.44,147.6,Advanced mobile framework,West Terrifurt,0,Canada,05-01-2016 12:00,0
77.08,44,31424.59,119.39,Optimized content strategy,Lake Jose,1,India,05-01-2016 18:00,1
81.83,21,60401.87,296.83,Monitored national standardization,Wrightburgh,1,France,06-01-2016 00:00,0
44.92,30,52177.15,128.04,Organic bottom-line service-desk,South Manuel,1,Italy,06-01-2016 06:00,0
56.59,53,25874.52,230.43,Cloned 5thgeneration orchestration,West Jodi,0,San Marino,06-01-2016 12:00,1
59.14,31,71879.02,280.49,Organic bottom-line service-desk,Millerport,0,India,06-01-2016 18:00,1
85.59,47,37114.95,239.32,Advanced mobile framework,Davidton,0,Iceland,07-01-2016 00:00,0
88.12,55,64144.23,112.19,Vision-oriented solution,Wrightburgh,0,Canada,07-01-2016 06:00,0
33.41,50,24806.69,137.16,Monitored national standardization,West Terrifurt,1,Nauru,07-01-2016 12:00,0
64.74,20,57162.89,183.84,Vision-oriented solution,South Manuel,0,France,07-01-2016 18:00,0
45.94,26,60301.41,160.0,Vision-oriented solution,West Jodi,0,Canada,08-01-2016 00:00,0
34.4,31,50353.08,126.49,Vision-oriented solution,West Jodi,0,France,08-01-2016 06:00,1
39.46,52,62212.4,222.34,Cloned 5thgeneration orchestration,South Manuel,0,San Marino,08-01-2016 12:00,1
36.93,24,64545.0,131.09,Robust logistical utilization,West Terrifurt,1,Italy,08-01-2016 18:00,1
60.32,34,74320.19,269.22,Monitored national standardization,Millerport,1,Tunisia,09-01-2016 00:00,0
50.01,26,58226.8,152.39,Advanced mobile framework,Millerport,0,Nauru,09-01-2016 06:00,0
86.7,27,52735.42,266.92,Organic bottom-line service-desk,Millerport,0,Tunisia,09-01-2016 12:00,1
51.88,20,73935.48,142.02,Triple-buffered reciprocal time-frame,West Jodi,1,India,09-01-2016 18:00,0
85.55,33,71876.34,295.24,Organic bottom-line service-desk,Millerport,0,San Marino,10-01-2016 00:00,1
76.94,44,68134.11,272.81,Triple-buffered reciprocal time-frame,South Manuel,0,Nauru,10-01-2016 06:00,1
82.33,48,33346.02,263.32,Advanced mobile framework,Lake Jose,1,Italy,10-01-2016 12:00,0
31.42,30,43907.96,155.72,Monitored national standardization,South Manuel,1,India,10-01-2016 18:00,1
86.35,25,72622.3,152.24,Robust logistical utilization,Wrightburgh,0,India,11-01-2016 00:00,1
73.71,38,46183.63,296.85,Monitored national standardization,Millerport,0,Iceland,11-01-2016 06:00,0
72.53,18,51195.22,261.3,Triple-buffered reciprocal time-frame,Lake Jose,1,Nauru,11-01-2016 12:00,1
67.39,60,70880.92,243.95,Robust logistical utilization,South Manuel,1,France,11-01-2016 18:00,1
71.83,53,27637.27,184.09,Optimized content strategy,Davidton,1,India,12-01-2016 00:00,0
48.23,31,45793.29,216.0,Vision-oriented solution,New Michael,1,Canada,12-01-2016 06:00,0
60.67,28,59531.04,156.76,Vision-oriented solution,West Jodi,0,Iceland,12-01-2016 12:00,0
78.39,27,21465.52,148.97,Advanced mobile framework,West Jodi,1,India,12-01-2016 18:00,0
73.1,42,49662.63,148.8,Cloned 5thgeneration orchestration,West Jodi,1,Italy,13-01-2016 00:00,0
78.25,51,47872.99,211.48,Monitored national standardization,New Michael,0,Canada,13-01-2016 06:00,1
87.0,46,56759.14,243.85,Optimized content strategy,New Michael,0,Canada,13-01-2016 12:00,1
45.55,33,70391.77,155.46,Advanced mobile framework,West Terrifurt,1,Canada,13-01-2016 18:00,0
72.81,33,36302.91,163.94,Monitored national standardization,Davidton,0,Italy,14-01-2016 00:00,1
71.64,31,23853.73,181.52,Advanced mobile framework,Millerport,0,Italy,14-01-2016 06:00,1
53.37,55,76763.72,103.91,Optimized content strategy,New Michael,0,France,14-01-2016 12:00,1
75.21,44,52293.23,246.93,Triple-buffered reciprocal time-frame,New Michael,0,Iceland,14-01-2016 18:00,1
59.14,42,40167.77,235.83,Optimized content strategy,Davidton,1,San Marino,15-01-2016 00:00,0
84.42,55,53863.52,105.42,Optimized content strategy,Davidton,1,San Marino,15-01-2016 06:00,0
45.61,38,32699.62,165.37,Optimized content strategy,South Manuel,1,Iceland,15-01-2016 12:00,0
58.22,52,23125.14,290.38,Triple-buffered reciprocal time-frame,West Jodi,0,Tunisia,15-01-2016 18:00,0
41.96,19,57280.14,147.71,Advanced mobile framework,West Jodi,0,Canada,16-01-2016 00:00,1
76.01,28,56353.56,292.75,Monitored national standardization,Davidton,1,Nauru,16-01-2016 06:00,0
85.73,54,60640.84,291.63,Optimized content strategy,West Terrifurt,0,Italy,16-01-2016 12:00,0
71.83,37,71017.59,220.08,Monitored national standardization,Wrightburgh,1,India,16-01-2016 18:00,1
34.14,59,40473.87,269.92,Advanced mobile framework,West Jodi,1,France,17-01-2016 00:00,1
72.44,45,30568.22,204.35,Robust logistical utilization,New Michael,1,India,17-01-2016 06:00,1
49.34,33,69843.86,117.33,Advanced mobile framework,West Terrifurt,1,India,17-01-2016 12:00,1
31.72,38,30910.39,142.42,Robust logistical utilization,Lake Jose,1,Iceland,17-01-2016 18:00,0
61.0,30,25136.78,244.01,Advanced mobile framework,West Terrifurt,1,Canada,18-01-2016 00:00,1
77.58,23,37654.13,180.88,Triple-buffered reciprocal time-frame,South Manuel,1,Canada,18-01-2016 06:00,1
55.53,53,39847.48,240.57,Robust logistical utilization,South Manuel,1,Italy,18-01-2016 12:00,0
73.28,38,27173.28,207.17,Organic bottom-line service-desk,West Terrifurt,0,Canada,18-01-2016 18:00,1
73.48,51,55807.44,296.1,Triple-buffered reciprocal time-frame,South Manuel,0,France,19-01-2016 00:00,0
48.14,52,27594.98,109.1,Cloned 5thgeneration orchestration,South Manuel,0,Canada,19-01-2016 06:00,0
82.36,54,37060.36,195.74,Vision-oriented solution,Davidton,0,Iceland,19-01-2016 12:00,1
36.85,22,44042.45,114.82,Cloned 5thgeneration orchestration,Davidton,0,Iceland,19-01-2016 18:00,0
89.64,25,53484.38,183.23,Triple-buffered reciprocal time-frame,Millerport,1,Canada,20-01-2016 00:00,1
81.61,45,38322.81,224.21,Monitored national standardization,West Terrifurt,0,Iceland,20-01-2016 06:00,0
39.42,29,53119.53,131.31,Optimized content strategy,New Michael,1,Iceland,20-01-2016 12:00,0
43.89,36,62179.25,190.81,Triple-buffered reciprocal time-frame,South Manuel,0,India,20-01-2016 18:00,0
62.67,59,28939.36,153.13,Organic bottom-line service-desk,West Jodi,0,San Marino,21-01-2016 00:00,1
65.7,54,75271.55,187.83,Advanced mobile framework,South Manuel,1,Iceland,21-01-2016 06:00,1
56.27,56,22391.65,186.41,Vision-oriented solution,South Manuel,0,Nauru,21-01-2016 12:00,0
87.71,54,55227.38,104.15,Robust logistical utilization,Wrightburgh,0,Canada,21-01-2016 18:00,1
84.96,29,79816.73,187.18,Advanced mobile framework,West Jodi,1,France,22-01-2016 00:00,1
50.0,60,26275.99,132.16,Optimized content strategy,New Michael,1,India,22-01-2016 06:00,0
57.29,38,35143.93,123.18,Optimized content strategy,Wrightburgh,1,India,22-01-2016 12:00,0
41.25,41,57358.03,199.7,Advanced mobile framework,Wrightburgh,0,Iceland,22-01-2016 18:00,0
85.66,46,72850.8,196.94,Cloned 5thgeneration orchestration,West Terrifurt,0,Iceland,23-01-2016 00:00,0
63.14,23,33482.04,268.28,Monitored national standardization,New Michael,0,San Marino,23-01-2016 06:00,1
85.96,36,50532.32,154.68,Advanced mobile framework,New Michael,0,Canada,23-01-2016 12:00,0
53.02,56,50494.45,275.87,Monitored national standardization,South Manuel,1,France,23-01-2016 18:00,1
79.23,36,63563.06,267.5,Advanced mobile framework,Davidton,1,Canada,24-01-2016 00:00,1
49.95,52,42632.6,286.57,Triple-buffered reciprocal time-frame,West Terrifurt,1,Italy,24-01-2016 06:00,1
32.62,48,62313.67,262.28,Optimized content strategy,Davidton,1,Tunisia,24-01-2016 12:00,0
60.14,55,39919.68,120.07,Advanced mobile framework,West Jodi,1,Tunisia,24-01-2016 18:00,0
54.6,59,78197.41,114.97,Robust logistical utilization,Lake Jose,1,Nauru,25-01-2016 00:00,1
81.14,52,42800.56,163.33,Advanced mobile framework,Wrightburgh,0,Italy,25-01-2016 06:00,1
89.85,23,46038.29,119.69,Monitored national standardization,New Michael,0,Iceland,25-01-2016 12:00,0
32.76,21,37602.07,174.97,Organic bottom-line service-desk,West Terrifurt,1,San Marino,25-01-2016 18:00,0
40.5,57,72250.38,223.94,Triple-buffered reciprocal time-frame,New Michael,0,Italy,26-01-2016 00:00,1
68.27,47,35319.6,101.88,Advanced mobile framework,South Manuel,0,Nauru,26-01-2016 06:00,1
86.71,55,37949.25,292.41,Robust logistical utilization,New Michael,1,Italy,26-01-2016 12:00,1
81.2,24,34232.34,214.38,Robust logistical utilization,South Manuel,0,India,26-01-2016 18:00,1
30.49,21,74637.02,249.03,Robust logistical utilization,West Terrifurt,1,Italy,27-01-2016 00:00,0
67.25,60,60851.31,127.36,Monitored national standardization,Wrightburgh,1,Canada,27-01-2016 06:00,0
64.77,26,25408.0,159.02,Optimized content strategy,Davidton,0,San Marino,27-01-2016 12:00,1
61.85,35,69828.36,151.39,Advanced mobile framework,South Manuel,1,Nauru,27-01-2016 18:00,1
87.77,27,65249.09,145.12,Optimized content strategy,Lake Jose,0,India,28-01-2016 00:00,0
45.87,25,47287.16,234.57,Robust logistical utilization,Millerport,1,Nauru,28-01-2016 06:00,0
58.29,57,73054.09,212.28,Triple-buffered reciprocal time-frame,West Jodi,1,Iceland,28-01-2016 12:00,1
37.0,20,76775.69,160.87,Advanced mobile framework,West Jodi,0,Italy,28-01-2016 18:00,0
53.32,41,60229.17,248.63,Optimized content strategy,Davidton,1,Nauru,29-01-2016 00:00,1
66.94,35,21962.98,174.11,Advanced mobile framework,New Michael,0,France,29-01-2016 06:00,0
88.86,41,52667.95,295.57,Vision-oriented solution,Wrightburgh,1,Iceland,29-01-2016 12:00,0
88.09,47,25500.41,142.42,Cloned 5thgeneration orchestration,Wrightburgh,1,Italy,29-01-2016 18:00,0
77.22,31,24116.61,253.03,Triple-buffered reciprocal time-frame,West Terrifurt,0,France,30-01-2016 00:00,0
77.32,56,20170.13,271.68,Organic bottom-line service-desk,Davidton,1,San Marino,30-01-2016 06:00,0
69.66,19,27908.19,171.65,Triple-buffered reciprocal time-frame,Lake Jose,0,San Marino,30-01-2016 12:00,1
33.14,44,51565.13,249.13,Advanced mobile framework,New Michael,1,Nauru,30-01-2016 18:00,1
60.23,57,22601.9,256.65,Robust logistical utilization,New Michael,0,Tunisia,31-01-2016 00:00,1
80.84,45,61165.85,198.05,Advanced mobile framework,West Jodi,0,France,31-01-2016 06:00,0
33.94,35,57459.05,217.07,Vision-oriented solution,Millerport,1,Canada,31-01-2016 12:00,1
35.95,25,71167.56,230.18,Triple-buffered reciprocal time-frame,Millerport,1,Italy,31-01-2016 18:00,1
50.34,47,43923.81,245.92,Vision-oriented solution,Millerport,1,Iceland,01-02-2016 00:00,1
87.22,48,24028.0,266.35,Monitored national standardization,Millerport,0,France,01-02-2016 06:00,0
63.38,55,77397.48,212.34,Monitored national standardization,Millerport,1,India,01-02-2016 12:00,0
88.1,56,38746.93,120.72,Triple-buffered reciprocal time-frame,Davidton,1,Italy,01-02-2016 18:00,0
51.01,53,42053.66,252.52,Triple-buffered reciprocal time-frame,Millerport,0,Iceland,02-02-2016 00:00,0
40.82,37,75292.25,170.2,Organic bottom-line service-desk,Davidton,1,Nauru,02-02-2016 06:00,0
74.46,19,25505.46,206.1,Optimized content strategy,Millerport,1,France,02-02-2016 12:00,0
52.2,38,66610.14,213.52,Monitored national standardization,Wrightburgh,0,San Marino,02-02-2016 18:00,0
70.44,35,46586.78,184.8,Advanced mobile framework,Millerport,1,Italy,03-02-2016 00:00,0
50.71,25,36994.79,235.7,Advanced mobile framework,South Manuel,0,Italy,03-02-2016 06:00,1
89.07,21,20461.23,160.28,Triple-buffered reciprocal time-frame,Davidton,1,Iceland,03-02-2016 12:00,1
37.2,49,64820.85,135.14,Optimized content strategy,West Terrifurt,1,Nauru,03-02-2016 18:00,1
81.71,20,46173.18,191.95,Monitored national standardization,Lake Jose,1,India,04-02-2016 00:00,1
47.37,43,21251.39,164.95,Advanced mobile framework,Lake Jose,0,India,04-02-2016 06:00,0
44.6,55,44026.99,115.73,Robust logistical utilization,Lake Jose,0,France,04-02-2016 12:00,0
34.58,58,26841.6,201.99,Vision-oriented solution,Lake Jose,0,Italy,04-02-2016 18:00,0
38.79,30,30409.94,130.57,Monitored national standardization,Davidton,1,Canada,05-02-2016 00:00,1
70.87,54,58579.51,297.31,Vision-oriented solution,Lake Jose,0,Canada,05-02-2016 06:00,0
58.14,58,38169.23,154.93,Cloned 5thgeneration orchestration,Lake Jose,0,Iceland,05-02-2016 12:00,1
57.11,21,42124.26,157.42,Monitored national standardization,Millerport,1,Tunisia,05-02-2016 18:00,1
84.54,54,59110.25,164.31,Advanced mobile framework,Davidton,0,Canada,06-02-2016 00:00,0
78.66,39,78943.13,116.87,Organic bottom-line service-desk,Wrightburgh,0,Canada,06-02-2016 06:00,1
61.44,57,29524.77,174.57,Robust logistical utilization,Millerport,1,France,06-02-2016 12:00,0
77.35,59,40078.96,165.94,Optimized content strategy,South Manuel,1,San Marino,06-02-2016 18:00,1
34.89,60,28485.7,169.96,Optimized content strategy,Davidton,0,Iceland,07-02-2016 00:00,1
68.61,39,68791.09,234.02,Monitored national standardization,Millerport,1,Tunisia,07-02-2016 06:00,1
48.53,31,40503.94,253.23,Triple-buffered reciprocal time-frame,West Terrifurt,0,San Marino,07-02-2016 12:00,0
47.75,24,50461.38,207.95,Cloned 5thgeneration orchestration,Lake Jose,0,India,07-02-2016 18:00,0
39.73,57,68542.62,133.11,Advanced mobile framework,Wrightburgh,1,France,08-02-2016 00:00,0
88.18,57,37095.68,249.71,Advanced mobile framework,West Terrifurt,0,Iceland,08-02-2016 06:00,1
84.24,30,42070.46,289.43,Advanced mobile framework,New Michael,1,India,08-02-2016 12:00,1
87.98,30,68075.55,127.68,Robust logistical utilization,Wrightburgh,1,France,08-02-2016 18:00,0
72.68,51,71069.96,157.01,Organic bottom-line service-desk,South Manuel,1,San Marino,09-02-2016 00:00,1
35.5,32,69002.2,276.93,Cloned 5thgeneration orchestration,Millerport,0,India,09-02-2016 06:00,1
44.15,23,42494.76,105.64,Monitored national standardization,Lake Jose,0,San Marino,09-02-2016 12:00,0
47.21,48,61764.32,127.76,Advanced mobile framework,New Michael,0,Nauru,09-02-2016 18:00,0
45.36,27,52928.25,245.45,Optimized content strategy,West Jodi,1,Italy,10-02-2016 00:00,1
37.31,33,45189.53,258.78,Advanced mobile framework,West Jodi,0,Canada,10-02-2016 06:00,0
67.92,54,34516.29,128.72,Optimized content strategy,Wrightburgh,1,Italy,10-02-2016 12:00,1
41.24,60,25136.84,294.93,Monitored national standardization,Wrightburgh,1,Canada,10-02-2016 18:00,0
68.14,41,35219.02,103.25,Monitored national standardization,Lake Jose,0,Nauru,11-02-2016 00:00,1
38.0,40,52760.82,262.7,Organic bottom-line service-desk,New Michael,1,San Marino,11-02-2016 06:00,0
33.79,47,22219.03,140.32,Triple-buffered reciprocal time-frame,Wrightburgh,1,Iceland,11-02-2016 12:00,1
89.35,52,48403.99,107.32,Triple-buffered reciprocal time-frame,South Manuel,1,Tunisia,11-02-2016 18:00,1
46.39,41,46217.08,180.0,Advanced mobile framework,Millerport,1,San Marino,12-02-2016 00:00,1
71.52,41,75458.63,203.86,Monitored national standardization,Millerport,0,India,12-02-2016 06:00,0
62.73,38,26155.87,165.58,Robust logistical utilization,South Manuel,1,India,12-02-2016 12:00,0
71.39,40,46827.78,245.36,Vision-oriented solution,Millerport,1,Tunisia,12-02-2016 18:00,0
70.27,43,41798.67,260.22,Organic bottom-line service-desk,Wrightburgh,0,Canada,13-02-2016 00:00,0
37.57,33,66710.92,173.27,Optimized content strategy,Wrightburgh,0,Canada,13-02-2016 06:00,1
52.32,22,54435.31,205.89,Optimized content strategy,Lake Jose,1,Italy,13-02-2016 12:00,0
31.55,29,49942.64,177.4,Monitored national standardization,South Manuel,1,Canada,13-02-2016 18:00,0
89.78,36,61638.84,299.73,Triple-buffered reciprocal time-frame,West Jodi,0,Nauru,14-02-2016 00:00,1
40.36,46,79835.74,262.1,Vision-oriented solution,Lake Jose,0,Iceland,14-02-2016 06:00,1
81.08,58,30445.46,172.3,Triple-buffered reciprocal time-frame,West Jodi,0,San Marino,14-02-2016 12:00,0
77.42,19,41653.79,214.46,Advanced mobile framework,Davidton,0,Nauru,14-02-2016 18:00,1
53.89,48,51541.74,253.83,Monitored national standardization,Davidton,1,Nauru,15-02-2016 00:00,1
57.95,51,40670.89,275.59,Organic bottom-line service-desk,Davidton,1,Tunisia,15-02-2016 06:00,0
61.09,37,29879.42,164.53,Triple-buffered reciprocal time-frame,Lake Jose,1,Nauru,15-02-2016 12:00,1
41.78,53,36467.06,225.0,Monitored national standardization,Davidton,0,San Marino,15-02-2016 18:00,1
80.55,54,22471.66,272.76,Monitored national standardization,Wrightburgh,1,Italy,16-02-2016 00:00,1
67.09,19,49882.28,225.43,Robust logistical utilization,South Manuel,1,Italy,16-02-2016 06:00,1
47.85,22,61316.81,131.62,Optimized content strategy,New Michael,1,Italy,16-02-2016 12:00,1
66.4,38,71689.1,163.86,Vision-oriented solution,Millerport,0,France,16-02-2016 18:00,0
49.15,47,27351.31,189.92,Organic bottom-line service-desk,West Jodi,0,Iceland,17-02-2016 00:00,1
81.85,44,34896.22,273.06,Organic bottom-line service-desk,Lake Jose,1,Italy,17-02-2016 06:00,0
59.9,50,48008.91,275.82,Advanced mobile framework,Wrightburgh,0,India,17-02-2016 12:00,1
88.0,31,55000.65,109.73,Robust logistical utilization,New Michael,1,Iceland,17-02-2016 18:00,0
80.83,45,28036.1,152.89,Vision-oriented solution,Millerport,1,Tunisia,18-02-2016 00:00,1
33.07,53,31679.32,210.64,Monitored national standardization,Millerport,1,Iceland,18-02-2016 06:00,0
37.72,24,43634.22,258.98,Vision-oriented solution,Lake Jose,0,Italy,18-02-2016 12:00,1
60.0,20,22334.84,242.72,Advanced mobile framework,New Michael,0,San Marino,18-02-2016 18:00,1
85.88,38,29750.12,298.12,Robust logistical utilization,Lake Jose,1,Iceland,19-02-2016 00:00,1
78.94,41,39874.38,121.92,Optimized content strategy,South Manuel,0,Canada,19-02-2016 06:00,1
88.02,55,54658.06,244.28,Advanced mobile framework,Davidton,1,San Marino,19-02-2016 12:00,0
31.89,25,31447.06,188.21,Optimized content strategy,Davidton,1,Italy,19-02-2016 18:00,1
60.11,57,75231.26,274.56,Cloned 5thgeneration orchestration,Davidton,0,France,20-02-2016 00:00,1
61.53,38,77401.13,191.93,Vision-oriented solution,Lake Jose,1,Canada,20-02-2016 06:00,0
87.44,35,53485.2,144.97,Robust logistical utilization,South Manuel,0,Canada,20-02-2016 12:00,1
58.79,53,76022.02,259.08,Robust logistical utilization,South Manuel,0,India,20-02-2016 18:00,1
79.1,27,37427.16,157.53,Monitored national standardization,Lake Jose,1,Iceland,21-02-2016 00:00,1
42.84,52,36267.96,212.4,Robust logistical utilization,Davidton,0,Italy,21-02-2016 06:00,0
33.05,51,33540.3,146.57,Monitored national standardization,Millerport,1,Canada,21-02-2016 12:00,0
70.87,26,20310.89,210.07,Organic bottom-line service-desk,Millerport,1,Canada,21-02-2016 18:00,0
75.35,36,39270.06,229.18,Monitored national standardization,West Terrifurt,0,San Marino,22-02-2016 00:00,1
82.93,29,76035.36,107.27,Optimized content strategy,New Michael,0,Iceland,22-02-2016 06:00,0
30.56,54,56166.98,285.69,Vision-oriented solution,South Manuel,1,Canada,22-02-2016 12:00,0
81.06,47,36370.22,261.76,Vision-oriented solution,Davidton,1,Iceland,22-02-2016 18:00,0
30.85,39,67446.06,213.56,Triple-buffered reciprocal time-frame,Davidton,1,India,23-02-2016 00:00,1
35.2,60,25723.11,296.34,Advanced mobile framework,Lake Jose,0,Tunisia,23-02-2016 06:00,1
53.01,46,65225.4,290.81,Robust logistical utilization,Wrightburgh,1,France,23-02-2016 12:00,0
33.73,25,47923.7,131.94,Robust logistical utilization,West Jodi,1,France,23-02-2016 18:00,0
43.15,26,48690.91,191.0,Vision-oriented solution,Millerport,1,Italy,24-02-2016 00:00,0
70.82,56,72388.1,116.37,Advanced mobile framework,Lake Jose,0,Nauru,24-02-2016 06:00,0
79.73,50,32129.41,207.33,Organic bottom-line service-desk,Lake Jose,1,Nauru,24-02-2016 12:00,0
73.02,49,25456.5,202.08,Cloned 5thgeneration orchestration,New Michael,0,India,24-02-2016 18:00,1
63.83,53,47742.7,261.38,Cloned 5thgeneration orchestration,Millerport,1,Tunisia,25-02-2016 00:00,0
64.7,20,45421.84,240.08,Cloned 5thgeneration orchestration,West Jodi,1,Tunisia,25-02-2016 06:00,1
54.53,26,65949.66,295.67,Optimized content strategy,Lake Jose,1,Canada,25-02-2016 12:00,1
52.54,60,72473.22,126.6,Vision-oriented solution,West Jodi,0,India,25-02-2016 18:00,0
73.67,32,70089.3,251.24,Robust logistical utilization,New Michael,1,India,26-02-2016 00:00,0
44.85,40,29307.28,137.7,Monitored national standardization,Wrightburgh,1,Tunisia,26-02-2016 06:00,0
42.36,24,55636.65,189.29,Cloned 5thgeneration orchestration,West Terrifurt,0,India,26-02-2016 12:00,1
44.06,31,65263.14,255.21,Organic bottom-line service-desk,South Manuel,0,France,26-02-2016 18:00,1
44.21,27,79141.73,204.25,Optimized content strategy,South Manuel,1,Tunisia,27-02-2016 00:00,0
67.56,45,53351.04,109.38,Vision-oriented solution,Millerport,1,India,27-02-2016 06:00,1
38.95,42,31032.74,207.59,Triple-buffered reciprocal time-frame,West Terrifurt,1,San Marino,27-02-2016 12:00,1
84.88,53,44760.65,183.3,Organic bottom-line service-desk,Millerport,0,Iceland,27-02-2016 18:00,0
49.82,23,75333.57,269.43,Monitored national standardization,West Terrifurt,0,Iceland,28-02-2016 00:00,1
70.42,56,22372.85,114.56,Triple-buffered reciprocal time-frame,New Michael,0,France,28-02-2016 06:00,1
87.42,18,32708.47,138.0,Monitored national standardization,New Michael,0,Italy,28-02-2016 12:00,1
84.91,53,39296.9,156.61,Advanced mobile framework,Lake Jose,1,Iceland,28-02-2016 18:00,1
60.77,49,47960.24,260.56,Advanced mobile framework,Lake Jose,0,France,29-02-2016 00:00,1
54.84,54,71845.09,248.25,Cloned 5thgeneration orchestration,South Manuel,1,Iceland,29-02-2016 06:00,0
41.77,32,42790.39,266.67,Advanced mobile framework,Lake Jose,1,Canada,29-02-2016 12:00,1
57.65,40,30155.94,244.06,Advanced mobile framework,Davidton,0,Tunisia,29-02-2016 18:00,0
86.71,60,22910.86,101.28,Organic bottom-line service-desk,West Terrifurt,0,San Marino,01-03-2016 00:00,0
43.12,47,42392.04,223.57,Advanced mobile framework,New Michael,0,Tunisia,01-03-2016 06:00,1
30.71,51,63331.56,207.15,Robust logistical utilization,Wrightburgh,1,San Marino,01-03-2016 12:00,0
85.08,51,28933.85,138.39,Robust logistical utilization,Lake Jose,1,India,01-03-2016 18:00,0
52.38,43,47539.86,148.64,Triple-buffered reciprocal time-frame,South Manuel,0,Tunisia,02-03-2016 00:00,0
54.32,42,53162.09,111.22,Cloned 5thgeneration orchestration,Davidton,0,Canada,02-03-2016 06:00,1
68.69,39,53951.4,271.59,Monitored national standardization,Wrightburgh,0,Italy,02-03-2016 12:00,1
46.27,22,61065.72,156.07,Cloned 5thgeneration orchestration,Davidton,1,Tunisia,02-03-2016 18:00,0
65.22,43,75732.5,159.86,Triple-buffered reciprocal time-frame,Millerport,1,India,03-03-2016 00:00,0
77.43,23,50047.57,294.86,Cloned 5thgeneration orchestration,West Jodi,1,Italy,03-03-2016 06:00,0
50.44,57,77291.5,179.34,Vision-oriented solution,Wrightburgh,1,Canada,03-03-2016 12:00,1
43.69,53,76468.57,186.37,Optimized content strategy,West Jodi,1,Italy,03-03-2016 18:00,0
34.92,27,42800.0,256.78,Organic bottom-line service-desk,Millerport,1,France,04-03-2016 00:00,0
35.49,37,46684.15,252.27,Monitored national standardization,Davidton,0,San Marino,04-03-2016 06:00,1
56.93,53,50746.45,120.66,Monitored national standardization,Lake Jose,0,France,04-03-2016 12:00,1
30.74,44,43267.97,116.94,Triple-buffered reciprocal time-frame,Davidton,1,San Marino,04-03-2016 18:00,0
46.14,35,49587.44,112.65,Optimized content strategy,South Manuel,1,Iceland,05-03-2016 00:00,1
76.96,41,35101.98,149.32,Advanced mobile framework,West Terrifurt,1,Nauru,05-03-2016 06:00,0
48.28,43,39933.03,224.04,Vision-oriented solution,New Michael,1,India,05-03-2016 12:00,0
48.03,56,76836.74,140.17,Vision-oriented solution,Davidton,1,France,05-03-2016 18:00,1
74.09,58,49460.44,215.18,Triple-buffered reciprocal time-frame,Lake Jose,1,Iceland,06-03-2016 00:00,1
51.9,54,31988.0,299.45,Organic bottom-line service-desk,Wrightburgh,1,Italy,06-03-2016 06:00,1
77.86,22,69137.93,259.13,Optimized content strategy,New Michael,0,Iceland,06-03-2016 12:00,0
45.16,27,62914.18,257.82,Monitored national standardization,New Michael,1,India,06-03-2016 18:00,1
62.62,41,62098.06,262.46,Monitored national standardization,West Jodi,0,France,07-03-2016 00:00,0
68.82,20,53793.22,229.01,Optimized content strategy,Lake Jose,1,Nauru,07-03-2016 06:00,0
35.92,32,50640.57,203.76,Triple-buffered reciprocal time-frame,New Michael,1,India,07-03-2016 12:00,1
76.34,55,61426.24,130.15,Cloned 5thgeneration orchestration,New Michael,0,Iceland,07-03-2016 18:00,1
85.23,23,26964.16,288.14,Organic bottom-line service-desk,Lake Jose,1,France,08-03-2016 00:00,1
77.06,51,48975.56,195.23,Advanced mobile framework,New Michael,1,Nauru,08-03-2016 06:00,1
32.68,25,21355.11,168.62,Monitored national standardization,Davidton,0,San Marino,08-03-2016 12:00,0
49.86,45,77507.76,146.37,Optimized content strategy,Davidton,0,India,08-03-2016 18:00,1
31.75,57,72985.84,189.92,Optimized content strategy,Millerport,0,Italy,09-03-2016 00:00,0
46.7,22,54640.87,259.9,Organic bottom-line service-desk,Lake Jose,1,Italy,09-03-2016 06:00,1
36.84,60,71758.19,205.54,Vision-oriented solution,Millerport,1,Nauru,09-03-2016 12:00,1
51.12,47,57041.76,262.75,Robust logistical utilization,West Jodi,0,France,09-03-2016 18:00,0
44.31,25,30982.67,238.69,Optimized content strategy,Millerport,0,India,10-03-2016 00:00,1
41.15,58,52242.76,283.83,Organic bottom-line service-desk,Davidton,1,Iceland,10-03-2016 06:00,0
41.23,46,57164.6,273.1,Cloned 5thgeneration orchestration,New Michael,0,Italy,10-03-2016 12:00,1
87.83,50,59184.19,181.83,Advanced mobile framework,Millerport,1,Canada,10-03-2016 18:00,0
34.96,19,67752.85,144.11,Cloned 5thgeneration orchestration,South Manuel,0,Iceland,11-03-2016 00:00,0
76.84,54,64551.1,253.18,Monitored national standardization,West Jodi,1,France,11-03-2016 06:00,0
75.6,46,52781.2,297.96,Monitored national standardization,West Terrifurt,1,Tunisia,11-03-2016 12:00,1
45.77,23,46344.19,298.79,Triple-buffered reciprocal time-frame,West Terrifurt,1,India,11-03-2016 18:00,0
66.97,31,68811.79,261.09,Vision-oriented solution,South Manuel,0,France,12-03-2016 00:00,1
47.36,35,77143.84,202.88,Monitored national standardization,Davidton,1,Tunisia,12-03-2016 06:00,1
82.02,26,62085.59,126.54,Organic bottom-line service-desk,Lake Jose,0,India,12-03-2016 12:00,1
38.53,58,36123.03,182.85,Advanced mobile framework,West Jodi,0,India,12-03-2016 18:00,1
71.68,41,47281.74,197.61,Cloned 5thgeneration orchestration,West Jodi,1,France,13-03-2016 00:00,0
77.74,43,33069.8,185.93,Triple-buffered reciprocal time-frame,New Michael,1,France,13-03-2016 06:00,1
50.27,54,27835.66,270.48,Vision-oriented solution,Wrightburgh,0,Nauru,13-03-2016 12:00,1
30.98,28,46477.16,100.14,Optimized content strategy,West Terrifurt,0,Iceland,13-03-2016 18:00,0
82.47,35,25600.4,172.09,Monitored national standardization,Lake Jose,0,Tunisia,14-03-2016 00:00,1
67.54,32,45753.86,118.24,Monitored national standardization,Wrightburgh,0,Canada,14-03-2016 06:00,0
37.96,32,51166.66,189.01,Cloned 5thgeneration orchestration,Lake Jose,0,India,14-03-2016 12:00,0
58.66,32,42984.2,246.15,Monitored national standardization,West Jodi,1,France,14-03-2016 18:00,1
38.23,26,58494.57,235.43,Monitored national standardization,Wrightburgh,0,Canada,15-03-2016 00:00,1
73.35,58,64896.13,283.98,Advanced mobile framework,West Terrifurt,0,Nauru,15-03-2016 06:00,0
75.15,55,63800.55,170.31,Optimized content strategy,Lake Jose,0,Italy,15-03-2016 12:00,1
68.68,33,53203.8,220.0,Robust logistical utilization,Wrightburgh,1,Italy,15-03-2016 18:00,0
74.87,36,58770.19,256.76,Triple-buffered reciprocal time-frame,New Michael,1,Nauru,16-03-2016 00:00,0
59.97,56,24260.72,277.74,Cloned 5thgeneration orchestration,Lake Jose,1,San Marino,16-03-2016 06:00,1
81.65,54,45251.81,209.27,Organic bottom-line service-desk,New Michael,0,Tunisia,16-03-2016 12:00,0
30.83,31,22389.61,112.09,Optimized content strategy,South Manuel,1,India,16-03-2016 18:00,1
34.95,52,52259.32,130.54,Monitored national standardization,South Manuel,0,Italy,17-03-2016 00:00,0
62.18,43,55186.23,252.64,Monitored national standardization,South Manuel,1,Italy,17-03-2016 06:00,0
44.67,45,26959.19,222.46,Cloned 5thgeneration orchestration,South Manuel,0,Nauru,17-03-2016 12:00,0
72.47,18,29829.96,290.6,Robust logistical utilization,Davidton,1,San Marino,17-03-2016 18:00,1
73.98,25,66285.82,105.87,Optimized content strategy,South Manuel,0,Iceland,18-03-2016 00:00,0
59.77,50,41607.43,199.92,Organic bottom-line service-desk,Lake Jose,0,Iceland,18-03-2016 06:00,0
83.66,25,33704.27,201.76,Cloned 5thgeneration orchestration,Wrightburgh,0,Tunisia,18-03-2016 12:00,1
51.84,27,30737.66,292.07,Cloned 5thgeneration orchestration,Millerport,0,France,18-03-2016 18:00,0
54.98,38,36275.48,115.58,Vision-oriented solution,West Jodi,0,San Marino,19-03-2016 00:00,0
78.26,20,77244.76,113.79,Advanced mobile framework,South Manuel,1,France,19-03-2016 06:00,0
63.19,18,42135.16,158.32,Robust logistical utilization,West Terrifurt,1,France,19-03-2016 12:00,1
89.87,30,63947.8,209.31,Triple-buffered reciprocal time-frame,Davidton,0,India,19-03-2016 18:00,0
43.98,40,58156.51,238.69,Cloned 5thgeneration orchestration,Lake Jose,0,India,20-03-2016 00:00,1
36.24,51,78986.94,183.96,Cloned 5thgeneration orchestration,Davidton,1,Nauru,20-03-2016 06:00,0
85.28,51,44783.41,279.12,Advanced mobile framework,West Jodi,0,San Marino,20-03-2016 12:00,1
34.49,54,23736.97,232.49,Organic bottom-line service-desk,West Terrifurt,1,Iceland,20-03-2016 18:00,1
85.56,43,62043.54,247.07,Vision-oriented solution,New Michael,1,Italy,21-03-2016 00:00,0
86.61,26,66796.22,216.94,Organic bottom-line service-desk,West Jodi,0,Canada,21-03-2016 06:00,1
48.84,25,52155.47,292.93,Triple-buffered reciprocal time-frame,New Michael,1,Canada,21-03-2016 12:00,1
81.15,23,29456.92,237.21,Cloned 5thgeneration orchestration,West Terrifurt,1,San Marino,21-03-2016 18:00,0
72.67,40,43774.67,109.79,Robust logistical utilization,South Manuel,0,Tunisia,22-03-2016 00:00,1
81.28,53,64884.71,149.97,Advanced mobile framework,West Jodi,0,Nauru,22-03-2016 06:00,0
33.7,32,27842.91,264.73,Vision-oriented solution,West Jodi,1,Nauru,22-03-2016 12:00,0
89.83,30,74149.76,188.69,Organic bottom-line service-desk,West Jodi,1,Nauru,22-03-2016 18:00,0
86.54,21,30079.35,214.78,Optimized content strategy,New Michael,0,India,23-03-2016 00:00,1
40.37,31,74498.25,155.0,Advanced mobile framework,Davidton,0,Italy,23-03-2016 06:00,1
59.93,53,48741.86,117.54,Optimized content strategy,Davidton,1,Italy,23-03-2016 12:00,0
67.85,52,67690.77,297.88,Vision-oriented solution,New Michael,1,France,23-03-2016 18:00,1
53.3,29,21563.78,219.42,Cloned 5thgeneration orchestration,South Manuel,0,Canada,24-03-2016 00:00,1
76.01,32,78438.79,120.03,Triple-buffered reciprocal time-frame,South Manuel,0,Italy,24-03-2016 06:00,1
51.29,29,30566.02,218.5,Vision-oriented solution,Wrightburgh,1,San Marino,24-03-2016 12:00,0
80.2,49,52527.48,135.11,Cloned 5thgeneration orchestration,West Jodi,0,Italy,24-03-2016 18:00,0
31.2,48,20041.01,283.58,Triple-buffered reciprocal time-frame,Davidton,1,San Marino,25-03-2016 00:00,1
33.57,27,55196.55,283.44,Monitored national standardization,Lake Jose,0,France,25-03-2016 06:00,1
65.16,39,38105.91,127.29,Organic bottom-line service-desk,Millerport,1,France,25-03-2016 12:00,0
72.43,53,61613.62,285.77,Vision-oriented solution,West Terrifurt,0,India,25-03-2016 18:00,1
74.04,36,27640.9,245.77,Optimized content strategy,Wrightburgh,0,France,26-03-2016 00:00,0
68.38,24,76201.27,128.13,Monitored national standardization,West Terrifurt,1,France,26-03-2016 06:00,0
68.17,23,69299.71,234.0,Vision-oriented solution,New Michael,0,Iceland,26-03-2016 12:00,0
44.97,22,41028.87,257.4,Cloned 5thgeneration orchestration,Wrightburgh,1,Canada,26-03-2016 18:00,1
88.15,44,49584.92,175.74,Optimized content strategy,West Jodi,1,Italy,27-03-2016 00:00,0
57.08,20,37694.52,163.74,Monitored national standardization,West Jodi,1,San Marino,27-03-2016 06:00,1
39.65,22,52822.78,279.62,Monitored national standardization,Lake Jose,1,Tunisia,27-03-2016 12:00,1
86.55,28,56439.06,186.84,Cloned 5thgeneration orchestration,West Jodi,1,Italy,27-03-2016 18:00,0
54.56,53,63322.29,245.99,Robust logistical utilization,South Manuel,1,Italy,28-03-2016 00:00,0
32.98,54,52979.76,198.19,Cloned 5thgeneration orchestration,Lake Jose,0,India,28-03-2016 06:00,0
47.67,60,57505.46,196.07,Monitored national standardization,Wrightburgh,0,San Marino,28-03-2016 12:00,1
88.62,48,70626.14,161.67,Optimized content strategy,New Michael,1,Iceland,28-03-2016 18:00,0
68.51,42,31092.87,277.1,Vision-oriented solution,Davidton,1,Tunisia,29-03-2016 00:00,1
56.38,34,33574.54,153.71,Cloned 5thgeneration orchestration,Davidton,0,Nauru,29-03-2016 06:00,1
78.49,44,78242.33,217.95,Cloned 5thgeneration orchestration,Millerport,1,Canada,29-03-2016 12:00,0
58.58,23,43688.26,270.79,Cloned 5thgeneration orchestration,Davidton,0,Canada,29-03-2016 18:00,0
86.94,28,78329.89,261.69,Organic bottom-line service-desk,Wrightburgh,1,Nauru,30-03-2016 00:00,1
42.12,58,28872.7,219.01,Vision-oriented solution,West Jodi,0,India,30-03-2016 06:00,1
63.12,35,51181.29,283.43,Cloned 5thgeneration orchestration,Millerport,0,India,30-03-2016 12:00,0
38.89,55,54960.63,292.97,Monitored national standardization,West Jodi,0,Iceland,30-03-2016 18:00,1
82.67,34,42982.61,197.12,Advanced mobile framework,Wrightburgh,0,Iceland,31-03-2016 00:00,1
38.63,56,60848.77,180.34,Optimized content strategy,Lake Jose,0,Tunisia,31-03-2016 06:00,1
85.25,41,21213.97,263.48,Robust logistical utilization,South Manuel,1,Canada,31-03-2016 12:00,0
88.35,32,28063.13,294.84,Advanced mobile framework,Lake Jose,1,India,31-03-2016 18:00,0
41.28,31,74805.97,181.43,Advanced mobile framework,Lake Jose,0,San Marino,01-04-2016 00:00,0
48.67,50,44203.11,256.1,Cloned 5thgeneration orchestration,Davidton,0,Italy,01-04-2016 06:00,0
44.97,47,23033.56,172.08,Triple-buffered reciprocal time-frame,South Manuel,1,Canada,01-04-2016 12:00,1
68.12,25,60870.46,148.39,Advanced mobile framework,New Michael,0,Canada,01-04-2016 18:00,1
50.65,34,64937.67,237.77,Robust logistical utilization,Wrightburgh,1,Tunisia,02-04-2016 00:00,0
81.23,31,71426.67,229.48,Triple-buffered reciprocal time-frame,South Manuel,1,Tunisia,02-04-2016 06:00,0
58.45,26,58842.29,220.23,Cloned 5thgeneration orchestration,West Terrifurt,1,Iceland,02-04-2016 12:00,1
55.43,42,71095.17,191.8,Triple-buffered reciprocal time-frame,New Michael,1,India,02-04-2016 18:00,0
30.44,60,77989.13,267.88,Robust logistical utilization,South Manuel,0,Canada,03-04-2016 00:00,0
50.18,35,58435.68,272.3,Robust logistical utilization,South Manuel,0,San Marino,03-04-2016 06:00,0
83.98,56,44245.91,163.92,Organic bottom-line service-desk,Wrightburgh,1,Iceland,03-04-2016 12:00,1
84.41,43,43296.5,107.06,Triple-buffered reciprocal time-frame,Lake Jose,0,Canada,03-04-2016 18:00,1
60.44,28,70438.32,275.3,Organic bottom-line service-desk,South Manuel,0,Canada,04-04-2016 00:00,0
74.46,53,65775.09,136.61,Vision-oriented solution,West Jodi,0,France,04-04-2016 06:00,0
74.65,37,45228.35,277.37,Vision-oriented solution,South Manuel,1,Canada,04-04-2016 12:00,0
58.23,58,55014.48,288.86,Monitored national standardization,New Michael,0,Nauru,04-04-2016 18:00,1
61.79,44,23243.72,270.85,Organic bottom-line service-desk,West Terrifurt,1,India,05-04-2016 00:00,1
38.59,29,66736.47,197.52,Organic bottom-line service-desk,Lake Jose,0,Tunisia,05-04-2016 06:00,1
46.41,28,54576.73,131.69,Monitored national standardization,Davidton,1,India,05-04-2016 12:00,1
55.74,48,42998.99,107.55,Triple-buffered reciprocal time-frame,Lake Jose,0,France,05-04-2016 18:00,0
31.07,18,57601.22,149.76,Vision-oriented solution,South Manuel,0,Nauru,06-04-2016 00:00,1
60.2,37,30021.21,264.77,Robust logistical utilization,South Manuel,1,France,06-04-2016 06:00,1
83.28,26,40563.97,280.28,Vision-oriented solution,West Terrifurt,0,India,06-04-2016 12:00,0
43.71,26,32671.41,104.38,Organic bottom-line service-desk,West Jodi,1,Tunisia,06-04-2016 18:00,1
82.59,34,66274.98,224.63,Cloned 5thgeneration orchestration,West Jodi,0,Tunisia,07-04-2016 00:00,0
55.01,42,27415.7,150.55,Organic bottom-line service-desk,West Terrifurt,0,Iceland,07-04-2016 06:00,1
69.7,60,51218.55,224.56,Organic bottom-line service-desk,Millerport,0,Nauru,07-04-2016 12:00,1
36.84,24,49864.34,221.8,Robust logistical utilization,West Terrifurt,1,India,07-04-2016 18:00,1
39.62,53,49781.28,141.54,Advanced mobile framework,Lake Jose,0,Tunisia,08-04-2016 00:00,0
70.3,25,70113.93,233.8,Organic bottom-line service-desk,West Jodi,0,Nauru,08-04-2016 06:00,1
68.66,47,79319.96,159.2,Advanced mobile framework,Wrightburgh,0,San Marino,08-04-2016 12:00,0
81.13,41,68095.77,162.54,Monitored national standardization,West Jodi,0,Tunisia,08-04-2016 18:00,0
69.8,28,39719.65,278.91,Robust logistical utilization,West Jodi,1,France,09-04-2016 00:00,0
36.83,43,77738.6,154.37,Optimized content strategy,New Michael,1,San Marino,09-04-2016 06:00,0
37.95,21,78894.15,268.87,Monitored national standardization,Millerport,1,Canada,09-04-2016 12:00,0
66.68,40,56681.51,272.52,Organic bottom-line service-desk,New Michael,1,Nauru,09-04-2016 18:00,1
56.44,22,35696.77,162.85,Triple-buffered reciprocal time-frame,Lake Jose,0,India,10-04-2016 00:00,0
58.92,60,60577.73,176.98,Cloned 5thgeneration orchestration,Wrightburgh,0,Canada,10-04-2016 06:00,1
82.16,22,65085.8,164.13,Vision-oriented solution,South Manuel,0,Italy,10-04-2016 12:00,1
54.2,33,24729.84,188.84,Advanced mobile framework,West Jodi,1,Canada,10-04-2016 18:00,1
37.12,49,64714.34,103.55,Optimized content strategy,Millerport,0,Tunisia,11-04-2016 00:00,0
77.51,57,58252.29,278.02,Triple-buffered reciprocal time-frame,New Michael,1,France,11-04-2016 06:00,0
79.0,47,39918.36,253.48,Advanced mobile framework,Lake Jose,1,Nauru,11-04-2016 12:00,0
75.56,32,20131.82,171.03,Robust logistical utilization,Lake Jose,0,Tunisia,11-04-2016 18:00,0
59.55,44,26417.69,222.17,Triple-buffered reciprocal time-frame,West Jodi,1,Italy,12-04-2016 00:00,1
79.47,30,63007.27,121.55,Optimized content strategy,Wrightburgh,0,Canada,12-04-2016 06:00,1
69.51,50,28078.16,199.77,Cloned 5thgeneration orchestration,Millerport,1,San Marino,12-04-2016 12:00,0
73.83,26,26213.24,231.5,Vision-oriented solution,Millerport,1,Italy,12-04-2016 18:00,1
53.87,39,78229.5,190.57,Organic bottom-line service-desk,Davidton,1,Iceland,13-04-2016 00:00,1
72.71,53,57955.0,140.18,Robust logistical utilization,Lake Jose,0,San Marino,13-04-2016 06:00,1
72.62,40,53736.81,216.56,Optimized content strategy,South Manuel,1,Tunisia,13-04-2016 12:00,0
31.52,27,23183.9,111.32,Robust logistical utilization,Davidton,1,Iceland,13-04-2016 18:00,0
80.36,36,32240.05,208.23,Vision-oriented solution,New Michael,0,Italy,14-04-2016 00:00,1
44.26,36,61576.16,109.4,Optimized content strategy,Millerport,1,France,14-04-2016 06:00,0
30.78,34,32185.23,273.77,Advanced mobile framework,West Terrifurt,1,Italy,14-04-2016 12:00,0
47.65,29,79007.2,114.89,Organic bottom-line service-desk,West Jodi,1,Tunisia,14-04-2016 18:00,1
46.75,34,27803.99,216.8,Robust logistical utilization,Wrightburgh,1,Canada,15-04-2016 00:00,0
32.4,38,55812.82,254.73,Robust logistical utilization,New Michael,1,Nauru,15-04-2016 06:00,1
61.52,29,51236.38,257.25,Organic bottom-line service-desk,Millerport,1,Nauru,15-04-2016 12:00,1
43.27,31,59800.07,166.21,Robust logistical utilization,West Terrifurt,1,Tunisia,15-04-2016 18:00,0
70.14,46,34420.87,228.45,Triple-buffered reciprocal time-frame,Wrightburgh,1,India,16-04-2016 00:00,0
53.15,52,63438.54,104.94,Vision-oriented solution,New Michael,1,Tunisia,16-04-2016 06:00,1
83.9,30,39218.77,116.47,Monitored national standardization,Davidton,0,Nauru,16-04-2016 12:00,0
70.22,31,71897.05,184.84,Monitored national standardization,West Terrifurt,1,Nauru,16-04-2016 18:00,0
31.43,39,22273.18,114.65,Organic bottom-line service-desk,South Manuel,0,Italy,17-04-2016 00:00,1
54.46,46,57813.04,186.61,Cloned 5thgeneration orchestration,Millerport,0,Tunisia,17-04-2016 06:00,0
75.36,55,22731.01,269.65,Vision-oriented solution,West Jodi,1,Iceland,17-04-2016 12:00,0
46.89,46,42884.81,264.42,Cloned 5thgeneration orchestration,New Michael,0,Italy,17-04-2016 18:00,0
74.81,52,37698.71,226.81,Robust logistical utilization,Lake Jose,0,San Marino,18-04-2016 00:00,0
32.51,54,55799.29,207.43,Monitored national standardization,South Manuel,0,France,18-04-2016 06:00,0
54.76,59,71087.53,128.49,Organic bottom-line service-desk,West Terrifurt,1,Italy,18-04-2016 12:00,0
40.88,54,71135.07,270.28,Advanced mobile framework,West Jodi,1,Nauru,18-04-2016 18:00,1
35.89,55,49231.42,166.17,Organic bottom-line service-desk,West Terrifurt,0,Iceland,19-04-2016 00:00,0
84.01,38,49151.67,165.67,Robust logistical utilization,Davidton,1,France,19-04-2016 06:00,1
40.12,38,34770.51,144.31,Optimized content strategy,South Manuel,1,San Marino,19-04-2016 12:00,1
82.67,47,46721.48,254.95,Advanced mobile framework,West Jodi,0,Nauru,19-04-2016 18:00,1
81.52,26,73477.82,139.29,Monitored national standardization,West Jodi,0,Tunisia,20-04-2016 00:00,1
76.15,31,74378.21,210.32,Advanced mobile framework,Davidton,1,India,20-04-2016 06:00,0
83.49,55,63993.61,158.2,Advanced mobile framework,West Jodi,1,France,20-04-2016 12:00,0
69.76,57,61049.7,251.44,Organic bottom-line service-desk,New Michael,0,San Marino,20-04-2016 18:00,0
74.16,48,76350.52,108.08,Advanced mobile framework,West Terrifurt,0,Iceland,21-04-2016 00:00,1
44.04,60,32406.44,281.55,Vision-oriented solution,Millerport,1,Canada,21-04-2016 06:00,0
32.39,59,39444.27,240.75,Robust logistical utilization,South Manuel,0,India,21-04-2016 12:00,1
51.92,59,73893.6,115.57,Robust logistical utilization,Millerport,0,India,21-04-2016 18:00,1
79.03,40,49211.69,196.42,Cloned 5thgeneration orchestration,Davidton,1,San Marino,22-04-2016 00:00,0
34.63,59,36848.57,130.05,Organic bottom-line service-desk,Lake Jose,0,Italy,22-04-2016 06:00,1
78.67,25,48891.0,195.76,Triple-buffered reciprocal time-frame,Davidton,1,Tunisia,22-04-2016 12:00,0
32.59,54,55540.86,126.94,Cloned 5thgeneration orchestration,Davidton,0,San Marino,22-04-2016 18:00,1
85.35,51,77494.3,219.87,Cloned 5thgeneration orchestration,South Manuel,0,Italy,23-04-2016 00:00,1
66.39,48,72038.14,134.11,Optimized content strategy,Davidton,0,Iceland,23-04-2016 06:00,0
73.45,39,75341.12,219.31,Monitored national standardization,West Terrifurt,1,India,23-04-2016 12:00,0
36.51,30,51362.68,281.87,Optimized content strategy,Davidton,0,San Marino,23-04-2016 18:00,1
84.1,56,22342.19,256.77,Monitored national standardization,West Jodi,1,San Marino,24-04-2016 00:00,0
83.82,59,45889.81,184.14,Cloned 5thgeneration orchestration,Millerport,0,Canada,24-04-2016 06:00,1
51.03,54,25863.01,126.78,Advanced mobile framework,West Terrifurt,0,Iceland,24-04-2016 12:00,1
45.47,18,62548.93,257.88,Monitored national standardization,Wrightburgh,1,Italy,24-04-2016 18:00,1
54.53,24,29286.71,230.32,Robust logistical utilization,South Manuel,1,France,25-04-2016 00:00,1
89.51,43,65298.31,182.65,Advanced mobile framework,Davidton,1,Canada,25-04-2016 06:00,1
89.31,54,40661.38,241.1,Organic bottom-line service-desk,West Jodi,0,Canada,25-04-2016 12:00,0
36.02,50,44033.65,167.69,Cloned 5thgeneration orchestration,Davidton,1,Tunisia,25-04-2016 18:00,0
79.4,48,75551.71,187.08,Monitored national standardization,South Manuel,0,France,26-04-2016 00:00,0
66.54,42,75841.1,180.13,Robust logistical utilization,Wrightburgh,0,Canada,26-04-2016 06:00,1
30.64,60,75845.51,203.63,Triple-buffered reciprocal time-frame,Wrightburgh,0,San Marino,26-04-2016 12:00,0
51.58,59,20017.24,131.49,Robust logistical utilization,Millerport,1,India,26-04-2016 18:00,1
65.16,51,20921.99,240.72,Monitored national standardization,South Manuel,1,France,27-04-2016 00:00,1
43.58,30,47285.54,180.79,Cloned 5thgeneration orchestration,South Manuel,0,India,27-04-2016 06:00,0
63.52,50,37655.11,289.4,Robust logistical utilization,South Manuel,1,India,27-04-2016 12:00,1
76.2,39,77674.32,191.77,Advanced mobile framework,Wrightburgh,1,Nauru,27-04-2016 18:00,1
34.05,58,67319.36,144.08,Triple-buffered reciprocal time-frame,Lake Jose,1,France,28-04-2016 00:00,0
72.05,34,34895.46,118.6,Vision-oriented solution,West Jodi,0,Canada,28-04-2016 06:00,1
51.21,54,36144.55,289.42,Triple-buffered reciprocal time-frame,New Michael,0,Italy,28-04-2016 12:00,0
82.36,31,33752.45,266.99,Vision-oriented solution,Davidton,0,Nauru,28-04-2016 18:00,0
70.55,60,49559.89,101.32,Cloned 5thgeneration orchestration,New Michael,1,France,29-04-2016 00:00,1
83.89,54,72126.13,198.16,Robust logistical utilization,Millerport,0,San Marino,29-04-2016 06:00,0
61.54,45,48699.2,208.15,Vision-oriented solution,Millerport,0,Canada,29-04-2016 12:00,0
71.89,47,38939.08,101.68,Triple-buffered reciprocal time-frame,Millerport,0,France,29-04-2016 18:00,1
66.77,34,31229.15,152.57,Robust logistical utilization,New Michael,1,France,30-04-2016 00:00,0
59.93,31,45145.58,250.44,Vision-oriented solution,Millerport,1,Canada,30-04-2016 06:00,0
64.28,54,61160.71,262.84,Robust logistical utilization,West Terrifurt,1,India,30-04-2016 12:00,0
38.75,27,48379.22,101.95,Optimized content strategy,New Michael,0,France,30-04-2016 18:00,1
48.0,53,71510.12,109.54,Monitored national standardization,Davidton,0,Italy,01-05-2016 00:00,1
58.59,58,25778.11,248.92,Robust logistical utilization,Lake Jose,1,Iceland,01-05-2016 06:00,1
31.19,25,41065.43,235.92,Triple-buffered reciprocal time-frame,Davidton,1,France,01-05-2016 12:00,1
70.39,49,66484.66,189.39,Monitored national standardization,Millerport,1,Canada,01-05-2016 18:00,0
82.1,58,68463.03,167.48,Optimized content strategy,West Jodi,0,San Marino,02-05-2016 00:00,1
43.69,38,59180.79,242.09,Optimized content strategy,South Manuel,1,France,02-05-2016 06:00,1
54.84,29,71252.71,125.01,Triple-buffered reciprocal time-frame,South Manuel,0,Italy,02-05-2016 12:00,0
53.82,24,23827.54,275.74,Cloned 5thgeneration orchestration,Wrightburgh,1,Nauru,02-05-2016 18:00,0
45.75,27,25058.68,286.32,Optimized content strategy,South Manuel,0,Italy,03-05-2016 00:00,1
56.59,26,27876.63,267.7,Cloned 5thgeneration orchestration,Wrightburgh,1,France,03-05-2016 06:00,1
58.03,52,76091.45,209.71,Organic bottom-line service-desk,Davidton,1,India,03-05-2016 12:00,1
84.54,48,52380.09,260.94,Advanced mobile framework,South Manuel,1,India,03-05-2016 18:00,1
39.34,18,20005.54,263.08,Organic bottom-line service-desk,Lake Jose,1,Canada,04-05-2016 00:00,0
71.27,49,76817.45,195.41,Cloned 5thgeneration orchestration,Millerport,1,Italy,04-05-2016 06:00,0
62.89,30,44704.15,212.11,Optimized content strategy,West Terrifurt,0,India,04-05-2016 12:00,1
43.24,23,45334.36,147.91,Robust logistical utilization,South Manuel,1,India,04-05-2016 18:00,0
81.21,29,28197.44,122.07,Advanced mobile framework,New Michael,1,Canada,05-05-2016 00:00,0
49.24,27,22977.92,206.99,Organic bottom-line service-desk,West Jodi,1,Iceland,05-05-2016 06:00,0
72.91,18,33968.63,130.14,Advanced mobile framework,West Terrifurt,1,India,05-05-2016 12:00,1
77.14,49,79877.81,192.74,Cloned 5thgeneration orchestration,Lake Jose,0,San Marino,05-05-2016 18:00,0
45.99,43,24283.08,194.03,Triple-buffered reciprocal time-frame,South Manuel,1,Tunisia,06-05-2016 00:00,0
88.48,33,43087.87,294.99,Triple-buffered reciprocal time-frame,Wrightburgh,0,Canada,06-05-2016 06:00,0
61.27,31,48369.53,236.29,Robust logistical utilization,Lake Jose,0,Tunisia,06-05-2016 12:00,0
45.2,58,37928.79,172.09,Cloned 5thgeneration orchestration,West Terrifurt,0,Italy,06-05-2016 18:00,1
49.47,28,67663.42,216.94,Optimized content strategy,West Terrifurt,0,Tunisia,07-05-2016 00:00,1
71.3,27,42283.92,117.9,Organic bottom-line service-desk,New Michael,0,France,07-05-2016 06:00,0
33.59,59,29235.11,207.27,Monitored national standardization,Davidton,1,Italy,07-05-2016 12:00,1
88.9,59,65401.85,261.11,Advanced mobile framework,West Terrifurt,0,India,07-05-2016 18:00,1
73.46,34,73919.78,197.06,Advanced mobile framework,South Manuel,1,Italy,08-05-2016 00:00,0
62.62,38,63944.14,155.06,Organic bottom-line service-desk,West Jodi,0,Canada,08-05-2016 06:00,1
79.17,52,42026.76,100.14,Optimized content strategy,Davidton,0,France,08-05-2016 12:00,0
49.24,22,59497.37,207.79,Optimized content strategy,West Terrifurt,1,San Marino,08-05-2016 18:00,1
49.36,59,39321.44,119.25,Monitored national standardization,Wrightburgh,0,San Marino,09-05-2016 00:00,0
42.12,49,31497.0,106.36,Optimized content strategy,New Michael,1,Tunisia,09-05-2016 06:00,1
43.24,22,20785.17,284.21,Advanced mobile framework,West Jodi,1,Tunisia,09-05-2016 12:00,1
63.48,44,69321.59,258.85,Cloned 5thgeneration orchestration,South Manuel,0,Nauru,09-05-2016 18:00,1
34.68,31,77635.2,119.42,Triple-buffered reciprocal time-frame,Millerport,0,Italy,10-05-2016 00:00,0
64.2,29,53505.41,211.63,Monitored national standardization,Lake Jose,1,India,10-05-2016 06:00,0
40.01,29,52997.93,200.94,Organic bottom-line service-desk,New Michael,1,France,10-05-2016 12:00,1
80.69,44,65851.06,186.12,Vision-oriented solution,West Terrifurt,0,India,10-05-2016 18:00,1
51.6,46,46849.99,179.42,Cloned 5thgeneration orchestration,South Manuel,0,San Marino,11-05-2016 00:00,1
30.39,32,32889.37,162.98,Robust logistical utilization,Davidton,0,Tunisia,11-05-2016 06:00,1
51.34,26,35899.29,277.93,Triple-buffered reciprocal time-frame,West Terrifurt,1,Iceland,11-05-2016 12:00,0
64.23,54,75072.91,246.85,Vision-oriented solution,New Michael,0,Canada,11-05-2016 18:00,0
65.71,37,22242.3,261.67,Optimized content strategy,West Jodi,0,France,12-05-2016 00:00,1
82.79,45,44991.3,273.57,Triple-buffered reciprocal time-frame,Wrightburgh,1,Tunisia,12-05-2016 06:00,1
61.46,38,52395.78,129.92,Triple-buffered reciprocal time-frame,Davidton,0,India,12-05-2016 12:00,1
75.17,54,50283.76,144.42,Robust logistical utilization,Millerport,0,San Marino,12-05-2016 18:00,1
34.95,54,64718.9,209.63,Robust logistical utilization,West Jodi,1,India,13-05-2016 00:00,0
75.72,48,53557.77,197.57,Triple-buffered reciprocal time-frame,West Terrifurt,0,Nauru,13-05-2016 06:00,1
76.61,38,61084.28,215.2,Monitored national standardization,Millerport,1,France,13-05-2016 12:00,1
41.43,40,55632.63,104.84,Robust logistical utilization,Davidton,1,Canada,13-05-2016 18:00,0
56.43,32,31981.11,174.76,Monitored national standardization,West Jodi,0,Italy,14-05-2016 00:00,0
82.13,36,20824.0,238.76,Monitored national standardization,South Manuel,1,Canada,14-05-2016 06:00,0
49.91,52,32712.52,209.28,Robust logistical utilization,New Michael,0,Tunisia,14-05-2016 12:00,1
64.98,60,51607.95,151.09,Cloned 5thgeneration orchestration,South Manuel,0,Iceland,14-05-2016 18:00,0
57.9,18,23995.87,232.07,Vision-oriented solution,West Jodi,0,Iceland,15-05-2016 00:00,1
43.87,42,50512.42,241.94,Vision-oriented solution,New Michael,0,San Marino,15-05-2016 06:00,0
60.04,47,53641.25,242.49,Cloned 5thgeneration orchestration,West Terrifurt,1,France,15-05-2016 12:00,1
53.6,28,21102.33,236.86,Vision-oriented solution,South Manuel,0,Iceland,15-05-2016 18:00,0
67.55,42,73424.13,262.97,Cloned 5thgeneration orchestration,South Manuel,0,San Marino,16-05-2016 00:00,1
83.83,60,28235.64,245.98,Triple-buffered reciprocal time-frame,Millerport,0,San Marino,16-05-2016 06:00,1
88.23,56,39757.08,208.45,Triple-buffered reciprocal time-frame,Davidton,0,San Marino,16-05-2016 12:00,1
71.31,51,74573.76,186.01,Organic bottom-line service-desk,Davidton,1,Nauru,16-05-2016 18:00,0
41.05,27,63624.77,253.09,Optimized content strategy,Millerport,1,Canada,17-05-2016 00:00,1
39.12,30,26406.29,136.95,Robust logistical utilization,West Terrifurt,0,Italy,17-05-2016 06:00,0
51.56,48,28045.2,269.23,Advanced mobile framework,Lake Jose,0,India,17-05-2016 12:00,1
58.43,28,31595.59,106.45,Cloned 5thgeneration orchestration,South Manuel,1,Italy,17-05-2016 18:00,0
75.47,22,30624.69,290.94,Advanced mobile framework,New Michael,1,Canada,18-05-2016 00:00,0
55.65,20,56475.8,264.87,Vision-oriented solution,Millerport,0,Nauru,18-05-2016 06:00,1
57.41,20,72666.8,149.14,Optimized content strategy,Wrightburgh,1,Tunisia,18-05-2016 12:00,0
47.47,43,73063.85,254.74,Robust logistical utilization,New Michael,0,India,18-05-2016 18:00,1
66.79,21,61397.18,280.74,Advanced mobile framework,New Michael,0,Nauru,19-05-2016 00:00,0
76.72,52,28118.4,182.71,Advanced mobile framework,Wrightburgh,0,Canada,19-05-2016 06:00,0
82.95,23,35004.94,238.34,Organic bottom-line service-desk,West Jodi,0,Nauru,19-05-2016 12:00,1
68.04,23,51429.04,176.82,Organic bottom-line service-desk,Millerport,1,Tunisia,19-05-2016 18:00,0
84.74,54,72278.32,272.53,Organic bottom-line service-desk,Davidton,0,Tunisia,20-05-2016 00:00,1
48.48,46,37326.83,136.14,Organic bottom-line service-desk,West Terrifurt,0,Iceland,20-05-2016 06:00,0
57.52,49,52610.07,101.15,Advanced mobile framework,West Terrifurt,0,Canada,20-05-2016 12:00,1
54.61,23,56072.99,101.31,Robust logistical utilization,West Terrifurt,0,San Marino,20-05-2016 18:00,0
33.3,40,22203.26,270.77,Robust logistical utilization,Lake Jose,0,Tunisia,21-05-2016 00:00,0
55.02,29,29680.11,156.88,Organic bottom-line service-desk,New Michael,1,Tunisia,21-05-2016 06:00,0
76.11,38,42114.17,175.79,Monitored national standardization,Millerport,0,Iceland,21-05-2016 12:00,1
38.07,35,39752.51,182.75,Triple-buffered reciprocal time-frame,West Terrifurt,0,Nauru,21-05-2016 18:00,0
59.02,56,76033.5,297.26,Robust logistical utilization,Millerport,1,Iceland,22-05-2016 00:00,1
85.63,57,53758.06,203.94,Advanced mobile framework,New Michael,0,Italy,22-05-2016 06:00,1
88.76,18,27092.43,192.98,Monitored national standardization,West Terrifurt,1,India,22-05-2016 12:00,0
50.03,53,68362.61,142.47,Triple-buffered reciprocal time-frame,South Manuel,1,Nauru,22-05-2016 18:00,1
48.02,53,39435.43,101.23,Vision-oriented solution,Lake Jose,1,Tunisia,23-05-2016 00:00,0
41.64,39,75336.79,195.82,Advanced mobile framework,Wrightburgh,0,Canada,23-05-2016 06:00,0
67.63,52,73755.72,192.49,Optimized content strategy,Wrightburgh,1,France,23-05-2016 12:00,0
42.5,39,67972.12,277.61,Vision-oriented solution,West Jodi,0,Iceland,23-05-2016 18:00,0
50.35,42,57590.65,268.48,Optimized content strategy,Davidton,0,Iceland,24-05-2016 00:00,1
72.59,35,44832.17,199.41,Triple-buffered reciprocal time-frame,Lake Jose,1,Iceland,24-05-2016 06:00,0
61.51,29,26733.88,256.99,Triple-buffered reciprocal time-frame,West Jodi,1,Tunisia,24-05-2016 12:00,1
84.3,27,31412.7,284.73,Robust logistical utilization,Lake Jose,0,Nauru,24-05-2016 18:00,0
42.31,20,47562.1,242.74,Monitored national standardization,Wrightburgh,1,Tunisia,25-05-2016 00:00,0
50.0,20,26186.17,253.24,Robust logistical utilization,Wrightburgh,1,Italy,25-05-2016 06:00,1
42.03,36,36598.97,163.83,Advanced mobile framework,West Jodi,1,San Marino,25-05-2016 12:00,0
46.42,18,77497.88,211.93,Monitored national standardization,West Terrifurt,1,France,25-05-2016 18:00,1
38.49,36,54444.98,134.25,Robust logistical utilization,Lake Jose,1,Tunisia,26-05-2016 00:00,0
31.74,21,26355.62,110.76,Optimized content strategy,Millerport,0,Canada,26-05-2016 06:00,1
48.75,30,62773.92,234.17,Monitored national standardization,New Michael,0,Nauru,26-05-2016 12:00,1
35.84,37,61068.68,242.04,Advanced mobile framework,New Michael,0,Italy,26-05-2016 18:00,0
81.67,57,35483.17,172.69,Organic bottom-line service-desk,Lake Jose,1,Canada,27-05-2016 00:00,1
31.82,48,26773.22,195.73,Organic bottom-line service-desk,South Manuel,1,San Marino,27-05-2016 06:00,0
54.34,24,39552.18,229.89,Robust logistical utilization,New Michael,1,India,27-05-2016 12:00,0
67.25,53,29541.22,196.47,Monitored national standardization,Lake Jose,0,India,27-05-2016 18:00,1
64.03,39,52671.61,147.23,Monitored national standardization,New Michael,0,Canada,28-05-2016 00:00,1
63.31,46,30570.44,291.18,Monitored national standardization,West Jodi,1,France,28-05-2016 06:00,1
68.7,21,25431.98,263.41,Cloned 5thgeneration orchestration,Davidton,0,Canada,28-05-2016 12:00,1
53.4,54,46829.59,141.13,Vision-oriented solution,South Manuel,1,India,28-05-2016 18:00,1
89.42,55,20487.16,297.28,Optimized content strategy,Davidton,1,Tunisia,29-05-2016 00:00,1
84.06,21,20050.6,212.01,Vision-oriented solution,West Jodi,1,Tunisia,29-05-2016 06:00,0
55.9,55,43656.1,163.63,Optimized content strategy,Millerport,1,India,29-05-2016 12:00,0
69.75,48,28344.13,211.08,Vision-oriented solution,Millerport,0,Iceland,29-05-2016 18:00,0
38.06,22,58903.35,128.8,Advanced mobile framework,Millerport,0,Nauru,30-05-2016 00:00,0
68.53,44,71609.17,278.72,Optimized content strategy,Davidton,1,India,30-05-2016 06:00,1
53.08,32,31147.46,220.91,Advanced mobile framework,West Terrifurt,1,India,30-05-2016 12:00,1
32.01,20,54088.97,240.98,Monitored national standardization,New Michael,0,San Marino,30-05-2016 18:00,1
57.9,23,51401.41,222.01,Triple-buffered reciprocal time-frame,New Michael,0,Iceland,31-05-2016 00:00,0
84.22,52,66711.63,193.77,Advanced mobile framework,Lake Jose,1,France,31-05-2016 06:00,1
47.35,20,61703.07,219.53,Robust logistical utilization,South Manuel,0,Canada,31-05-2016 12:00,0
64.37,60,79421.89,261.78,Cloned 5thgeneration orchestration,South Manuel,1,Nauru,31-05-2016 18:00,0
60.34,35,35123.06,223.16,Robust logistical utilization,South Manuel,0,Nauru,01-06-2016 00:00,0
84.61,27,59549.34,173.95,Organic bottom-line service-desk,South Manuel,0,Canada,01-06-2016 06:00,0
77.96,20,40570.88,116.88,Organic bottom-line service-desk,Davidton,1,India,01-06-2016 12:00,1
44.28,46,63559.95,133.46,Vision-oriented solution,Wrightburgh,1,Nauru,01-06-2016 18:00,0
40.06,43,48573.92,195.25,Triple-buffered reciprocal time-frame,Millerport,1,Canada,02-06-2016 00:00,1
38.71,45,20711.78,285.44,Advanced mobile framework,Millerport,1,Tunisia,02-06-2016 06:00,0
85.06,58,41229.69,268.85,Robust logistical utilization,Lake Jose,1,Iceland,02-06-2016 12:00,0
45.32,55,43469.23,254.63,Triple-buffered reciprocal time-frame,West Terrifurt,1,San Marino,02-06-2016 18:00,1
62.86,18,69901.37,102.39,Monitored national standardization,West Jodi,1,France,03-06-2016 00:00,0
73.52,34,31584.77,104.74,Monitored national standardization,Wrightburgh,0,Nauru,03-06-2016 06:00,0
35.18,56,27794.44,231.28,Organic bottom-line service-desk,West Jodi,0,Iceland,03-06-2016 12:00,1
58.02,22,58326.83,284.54,Robust logistical utilization,Millerport,1,Iceland,03-06-2016 18:00,0
76.84,35,66626.36,176.56,Vision-oriented solution,Wrightburgh,1,Iceland,04-06-2016 00:00,0
56.43,49,78765.32,140.13,Optimized content strategy,Davidton,1,Nauru,04-06-2016 06:00,0
62.44,45,33103.19,228.67,Advanced mobile framework,South Manuel,0,Tunisia,04-06-2016 12:00,0
34.22,34,66634.23,103.75,Advanced mobile framework,Davidton,0,Tunisia,04-06-2016 18:00,1
45.99,39,74277.05,214.93,Advanced mobile framework,New Michael,1,India,05-06-2016 00:00,0
62.41,18,43065.43,237.85,Advanced mobile framework,West Jodi,1,France,05-06-2016 06:00,1
54.04,58,79820.95,229.41,Vision-oriented solution,Lake Jose,0,Canada,05-06-2016 12:00,1
68.87,29,53268.53,293.5,Triple-buffered reciprocal time-frame,South Manuel,1,Nauru,05-06-2016 18:00,1
59.19,58,46279.02,137.89,Cloned 5thgeneration orchestration,West Terrifurt,0,Italy,06-06-2016 00:00,1
53.33,52,58604.46,199.94,Advanced mobile framework,Wrightburgh,0,France,06-06-2016 06:00,0
50.26,20,44330.47,142.34,Advanced mobile framework,Davidton,0,Nauru,06-06-2016 12:00,0
74.13,49,59229.89,194.24,Cloned 5thgeneration orchestration,West Terrifurt,0,Tunisia,06-06-2016 18:00,0
67.96,37,69244.35,119.46,Organic bottom-line service-desk,West Jodi,0,Nauru,07-06-2016 00:00,1
65.7,57,33234.35,260.89,Optimized content strategy,Lake Jose,1,France,07-06-2016 06:00,0
88.55,54,52753.09,164.32,Triple-buffered reciprocal time-frame,Wrightburgh,0,France,07-06-2016 12:00,0
37.24,27,65453.01,133.61,Vision-oriented solution,Davidton,1,Italy,07-06-2016 18:00,0
38.0,58,56746.49,255.53,Cloned 5thgeneration orchestration,New Michael,0,Tunisia,08-06-2016 00:00,0
40.76,23,62404.47,218.75,Robust logistical utilization,Millerport,1,San Marino,08-06-2016 06:00,0
38.59,35,51385.21,182.41,Organic bottom-line service-desk,Wrightburgh,0,Canada,08-06-2016 12:00,0
67.63,37,40871.21,100.91,Triple-buffered reciprocal time-frame,West Terrifurt,0,Nauru,08-06-2016 18:00,1
81.76,52,50452.45,192.84,Triple-buffered reciprocal time-frame,South Manuel,0,Italy,09-06-2016 00:00,0
77.8,48,49850.89,131.95,Cloned 5thgeneration orchestration,Wrightburgh,1,Iceland,09-06-2016 06:00,0
56.08,39,57009.16,278.02,Advanced mobile framework,Wrightburgh,0,Tunisia,09-06-2016 12:00,0
39.48,19,49103.68,123.21,Triple-buffered reciprocal time-frame,New Michael,1,India,09-06-2016 18:00,0
74.83,38,33803.79,122.03,Triple-buffered reciprocal time-frame,West Jodi,0,India,10-06-2016 00:00,0
52.53,32,24411.78,217.02,Cloned 5thgeneration orchestration,Millerport,0,Italy,10-06-2016 06:00,1
40.68,41,28184.28,243.96,Vision-oriented solution,South Manuel,0,France,10-06-2016 12:00,0
31.93,54,23579.1,127.3,Advanced mobile framework,New Michael,1,San Marino,10-06-2016 18:00,1
43.19,36,56218.16,257.91,Organic bottom-line service-desk,West Terrifurt,0,India,11-06-2016 00:00,1
81.73,31,55494.85,267.4,Robust logistical utilization,Wrightburgh,1,Italy,11-06-2016 06:00,0
49.64,55,33344.4,285.5,Organic bottom-line service-desk,Wrightburgh,1,Tunisia,11-06-2016 12:00,0
89.48,50,22017.23,206.22,Advanced mobile framework,West Jodi,1,Canada,11-06-2016 18:00,0
34.99,18,61589.59,181.32,Triple-buffered reciprocal time-frame,Davidton,1,Iceland,12-06-2016 00:00,0
68.86,23,20955.81,233.81,Organic bottom-line service-desk,New Michael,0,Canada,12-06-2016 06:00,1
76.31,43,31096.74,274.31,Advanced mobile framework,Wrightburgh,0,India,12-06-2016 12:00,1
61.86,36,45554.14,153.96,Triple-buffered reciprocal time-frame,West Jodi,1,Tunisia,12-06-2016 18:00,1
83.28,25,42977.3,193.07,Cloned 5thgeneration orchestration,Lake Jose,1,San Marino,13-06-2016 00:00,0
63.65,31,28304.35,166.99,Monitored national standardization,New Michael,0,Italy,13-06-2016 06:00,1
51.16,35,50213.96,184.59,Cloned 5thgeneration orchestration,West Jodi,1,France,13-06-2016 12:00,1
59.17,51,69773.59,194.03,Robust logistical utilization,New Michael,1,Nauru,13-06-2016 18:00,0
83.51,47,25238.53,178.14,Organic bottom-line service-desk,South Manuel,0,Nauru,14-06-2016 00:00,0
46.56,27,49779.72,275.0,Cloned 5thgeneration orchestration,South Manuel,1,San Marino,14-06-2016 06:00,1
50.8,46,64262.55,104.3,Triple-buffered reciprocal time-frame,West Jodi,0,Italy,14-06-2016 12:00,1
54.7,39,59345.63,257.36,Advanced mobile framework,New Michael,1,Iceland,14-06-2016 18:00,0
83.9,37,30304.23,152.0,Advanced mobile framework,Lake Jose,1,Tunisia,15-06-2016 00:00,0
51.19,47,77372.83,223.73,Organic bottom-line service-desk,South Manuel,0,San Marino,15-06-2016 06:00,0
39.68,25,22469.09,163.33,Organic bottom-line service-desk,New Michael,1,France,15-06-2016 12:00,0
42.31,20,59933.2,295.6,Organic bottom-line service-desk,Lake Jose,1,San Marino,15-06-2016 18:00,1
37.29,19,44273.74,199.88,Organic bottom-line service-desk,New Michael,1,San Marino,16-06-2016 00:00,0
88.21,52,78536.06,166.26,Robust logistical utilization,New Michael,1,San Marino,16-06-2016 06:00,1
50.32,25,63898.43,280.03,Organic bottom-line service-desk,West Jodi,1,Tunisia,16-06-2016 12:00,1
67.05,32,46758.36,118.5,Cloned 5thgeneration orchestration,West Terrifurt,0,Iceland,16-06-2016 18:00,0
31.35,52,70967.08,235.41,Monitored national standardization,Millerport,0,Canada,17-06-2016 00:00,1
66.19,50,76604.13,281.69,Vision-oriented solution,Millerport,0,India,17-06-2016 06:00,1
53.17,18,37079.02,170.27,Advanced mobile framework,West Jodi,0,Canada,17-06-2016 12:00,1
78.22,36,29827.42,245.6,Optimized content strategy,Millerport,0,Nauru,17-06-2016 18:00,0
42.47,48,79302.95,205.06,Vision-oriented solution,West Jodi,1,Nauru,18-06-2016 00:00,0
54.57,35,44870.84,211.16,Organic bottom-line service-desk,West Terrifurt,0,India,18-06-2016 06:00,1
63.23,20,69367.95,160.4,Robust logistical utilization,New Michael,1,Italy,18-06-2016 12:00,0
77.47,27,35760.62,291.21,Advanced mobile framework,West Jodi,1,India,18-06-2016 18:00,0
59.51,59,34685.02,123.87,Robust logistical utilization,New Michael,0,France,19-06-2016 00:00,1
63.93,34,57679.76,195.21,Monitored national standardization,Lake Jose,0,Iceland,19-06-2016 06:00,0
64.9,27,39180.87,275.66,Organic bottom-line service-desk,Lake Jose,0,Tunisia,19-06-2016 12:00,1
51.67,58,74726.28,171.2,Robust logistical utilization,South Manuel,0,Italy,19-06-2016 18:00,0
75.88,56,65157.71,208.74,Vision-oriented solution,South Manuel,1,France,20-06-2016 00:00,0
62.07,40,69398.89,102.58,Robust logistical utilization,Lake Jose,1,India,20-06-2016 06:00,1
85.25,28,26145.07,130.91,Triple-buffered reciprocal time-frame,West Terrifurt,0,India,20-06-2016 12:00,1
84.96,25,69130.68,284.68,Advanced mobile framework,Lake Jose,1,France,20-06-2016 18:00,0
79.02,56,51387.27,294.02,Organic bottom-line service-desk,South Manuel,0,Nauru,21-06-2016 00:00,0
37.72,27,61282.83,161.49,Triple-buffered reciprocal time-frame,Davidton,0,India,21-06-2016 06:00,0
34.66,48,65440.04,108.5,Monitored national standardization,Wrightburgh,0,Canada,21-06-2016 12:00,0
84.51,20,23974.84,233.52,Monitored national standardization,West Jodi,0,Italy,21-06-2016 18:00,0
70.24,19,25446.76,269.17,Robust logistical utilization,Lake Jose,1,San Marino,22-06-2016 00:00,0
60.29,22,25946.34,215.63,Cloned 5thgeneration orchestration,West Terrifurt,0,Iceland,22-06-2016 06:00,0
84.1,52,20259.74,245.07,Triple-buffered reciprocal time-frame,New Michael,1,San Marino,22-06-2016 12:00,1
70.41,24,30850.91,170.96,Optimized content strategy,Millerport,0,Italy,22-06-2016 18:00,1
36.77,38,27416.92,122.06,Organic bottom-line service-desk,New Michael,1,Iceland,23-06-2016 00:00,0
34.93,49,26943.36,156.72,Robust logistical utilization,New Michael,0,India,23-06-2016 06:00,1
89.1,45,31327.1,113.92,Advanced mobile framework,Lake Jose,0,Tunisia,23-06-2016 12:00,1
70.33,43,46283.5,231.71,Monitored national standardization,West Jodi,0,India,23-06-2016 18:00,1
71.7,24,64485.93,278.49,Organic bottom-line service-desk,West Jodi,1,Italy,24-06-2016 00:00,1
42.02,43,27365.73,267.62,Advanced mobile framework,South Manuel,1,India,24-06-2016 06:00,1
58.55,56,77008.33,297.5,Robust logistical utilization,Davidton,1,Nauru,24-06-2016 12:00,0
45.04,49,33849.31,288.48,Cloned 5thgeneration orchestration,West Jodi,0,Nauru,24-06-2016 18:00,1
70.69,29,42957.98,235.84,Organic bottom-line service-desk,South Manuel,0,Nauru,25-06-2016 00:00,1
77.56,30,37613.78,199.58,Robust logistical utilization,Lake Jose,0,Tunisia,25-06-2016 06:00,1
82.81,25,43017.79,162.91,Optimized content strategy,New Michael,1,Tunisia,25-06-2016 12:00,0
40.61,60,71621.64,160.61,Organic bottom-line service-desk,New Michael,1,San Marino,25-06-2016 18:00,1
72.94,49,65840.67,213.77,Advanced mobile framework,New Michael,1,San Marino,26-06-2016 00:00,0
53.48,49,55462.71,175.56,Vision-oriented solution,South Manuel,1,Tunisia,26-06-2016 06:00,0
65.43,26,70216.05,169.78,Cloned 5thgeneration orchestration,Lake Jose,1,Nauru,26-06-2016 12:00,1
50.71,40,44715.78,111.29,Triple-buffered reciprocal time-frame,West Terrifurt,0,Iceland,26-06-2016 18:00,0
84.62,22,72136.4,122.89,Organic bottom-line service-desk,Wrightburgh,1,Tunisia,27-06-2016 00:00,1
69.47,45,54082.96,280.28,Robust logistical utilization,Wrightburgh,1,Tunisia,27-06-2016 06:00,1
52.66,42,39345.28,119.55,Advanced mobile framework,West Jodi,0,France,27-06-2016 12:00,1
60.17,60,40372.37,222.97,Vision-oriented solution,Millerport,0,Canada,27-06-2016 18:00,0
80.42,52,32844.81,153.03,Robust logistical utilization,Millerport,0,Nauru,28-06-2016 00:00,0
65.51,35,24036.19,260.24,Advanced mobile framework,Millerport,0,France,28-06-2016 06:00,0
69.09,37,50278.37,159.98,Vision-oriented solution,West Terrifurt,1,India,28-06-2016 12:00,1
67.5,47,60293.61,209.51,Cloned 5thgeneration orchestration,Davidton,1,Italy,28-06-2016 18:00,1
46.08,58,51963.16,222.88,Optimized content strategy,Wrightburgh,0,France,29-06-2016 00:00,1
38.86,27,64786.01,253.11,Optimized content strategy,Millerport,1,Nauru,29-06-2016 06:00,0
80.76,35,69422.64,229.21,Robust logistical utilization,West Terrifurt,1,Italy,29-06-2016 12:00,0
39.0,19,34735.2,265.45,Advanced mobile framework,New Michael,1,India,29-06-2016 18:00,0
42.12,35,28185.84,151.68,Robust logistical utilization,Davidton,0,Canada,30-06-2016 00:00,0
33.32,23,38834.29,159.6,Monitored national standardization,Millerport,1,Nauru,30-06-2016 06:00,1
86.59,26,34162.47,214.19,Monitored national standardization,South Manuel,1,Nauru,30-06-2016 12:00,0
65.99,38,39757.15,216.87,Optimized content strategy,West Terrifurt,1,Italy,30-06-2016 18:00,0
36.41,31,78195.41,187.9,Robust logistical utilization,Wrightburgh,1,France,01-07-2016 00:00,0
48.99,45,48491.25,149.27,Robust logistical utilization,Davidton,1,Canada,01-07-2016 06:00,1
79.28,19,58723.86,281.05,Cloned 5thgeneration orchestration,Wrightburgh,0,Iceland,01-07-2016 12:00,1
48.56,41,74189.43,237.05,Triple-buffered reciprocal time-frame,New Michael,1,Tunisia,01-07-2016 18:00,1
85.65,34,38053.29,287.26,Triple-buffered reciprocal time-frame,South Manuel,0,San Marino,02-07-2016 00:00,1
67.88,59,44377.33,106.78,Monitored national standardization,New Michael,1,India,02-07-2016 06:00,1
73.04,24,69464.05,239.7,Monitored national standardization,Lake Jose,1,France,02-07-2016 12:00,1
71.71,21,58482.37,136.75,Advanced mobile framework,Davidton,0,India,02-07-2016 18:00,0
67.7,38,54548.56,122.17,Triple-buffered reciprocal time-frame,Davidton,1,France,03-07-2016 00:00,1
58.7,26,35640.79,237.49,Vision-oriented solution,South Manuel,0,Nauru,03-07-2016 06:00,1
52.06,43,72583.4,288.95,Triple-buffered reciprocal time-frame,Wrightburgh,0,Italy,03-07-2016 12:00,0
88.45,30,35706.99,270.37,Cloned 5thgeneration orchestration,Millerport,1,Iceland,03-07-2016 18:00,0
35.34,41,30207.37,213.45,Cloned 5thgeneration orchestration,Millerport,1,Canada,04-07-2016 00:00,0
43.47,31,31432.65,272.39,Robust logistical utilization,South Manuel,1,India,04-07-2016 06:00,0
55.88,31,56004.97,299.04,Robust logistical utilization,West Terrifurt,1,San Marino,04-07-2016 12:00,1
77.55,19,37411.58,152.36,Advanced mobile framework,West Terrifurt,1,Canada,04-07-2016 18:00,0
30.62,26,72286.61,294.88,Optimized content strategy,West Terrifurt,1,India,05-07-2016 00:00,1
34.38,53,23525.14,166.57,Triple-buffered reciprocal time-frame,New Michael,1,Tunisia,05-07-2016 06:00,0
45.22,57,42856.26,295.5,Vision-oriented solution,Davidton,0,San Marino,05-07-2016 12:00,1
40.19,49,75819.62,275.58,Organic bottom-line service-desk,West Jodi,1,India,05-07-2016 18:00,0
45.62,38,22649.73,125.57,Robust logistical utilization,Lake Jose,1,Iceland,06-07-2016 00:00,1
66.78,34,51018.36,187.16,Organic bottom-line service-desk,Lake Jose,1,San Marino,06-07-2016 06:00,1
33.19,27,23274.03,136.63,Advanced mobile framework,South Manuel,0,Canada,06-07-2016 12:00,1
36.96,49,22447.5,171.3,Advanced mobile framework,New Michael,1,Nauru,06-07-2016 18:00,0
37.42,23,32224.02,156.82,Organic bottom-line service-desk,South Manuel,0,Tunisia,07-07-2016 00:00,0
54.99,22,34769.45,199.62,Monitored national standardization,Lake Jose,0,Iceland,07-07-2016 06:00,0
53.65,55,75748.91,121.21,Vision-oriented solution,Davidton,0,Nauru,07-07-2016 12:00,1
79.84,60,48791.31,225.67,Robust logistical utilization,Wrightburgh,1,Tunisia,07-07-2016 18:00,1
49.49,54,27759.21,272.66,Robust logistical utilization,Lake Jose,0,Nauru,08-07-2016 00:00,1
35.55,34,30680.65,293.01,Optimized content strategy,West Jodi,0,Italy,08-07-2016 06:00,0
53.31,43,37096.15,250.51,Organic bottom-line service-desk,West Jodi,1,Canada,08-07-2016 12:00,1
74.15,37,74224.06,220.7,Vision-oriented solution,West Jodi,1,Italy,08-07-2016 18:00,1
56.73,42,48586.38,212.61,Optimized content strategy,West Jodi,1,France,09-07-2016 00:00,0
56.05,45,25576.85,202.67,Advanced mobile framework,West Terrifurt,0,Canada,09-07-2016 06:00,0
47.44,45,24750.99,260.31,Robust logistical utilization,Davidton,0,Iceland,09-07-2016 12:00,0
61.39,36,54112.14,210.2,Cloned 5thgeneration orchestration,West Jodi,1,India,09-07-2016 18:00,0
57.88,54,68769.49,171.09,Monitored national standardization,Wrightburgh,0,Canada,10-07-2016 00:00,0
77.17,43,22715.52,183.25,Robust logistical utilization,Lake Jose,1,Canada,10-07-2016 06:00,1
50.48,29,32664.1,115.64,Robust logistical utilization,West Jodi,1,Tunisia,10-07-2016 12:00,0
53.7,18,30304.12,195.42,Optimized content strategy,New Michael,1,France,10-07-2016 18:00,1
78.28,23,27505.37,102.78,Monitored national standardization,Wrightburgh,0,Tunisia,11-07-2016 00:00,0
58.87,27,58984.39,187.16,Triple-buffered reciprocal time-frame,West Jodi,1,Canada,11-07-2016 06:00,0
58.44,19,26987.53,280.48,Advanced mobile framework,New Michael,1,Tunisia,11-07-2016 12:00,1
65.11,30,37689.88,265.89,Optimized content strategy,Wrightburgh,1,Tunisia,11-07-2016 18:00,0
67.82,45,78769.22,269.72,Robust logistical utilization,Wrightburgh,1,India,12-07-2016 00:00,1
60.8,57,76116.86,281.01,Advanced mobile framework,West Terrifurt,0,Tunisia,12-07-2016 06:00,1
64.58,53,23810.63,278.58,Optimized content strategy,New Michael,0,Canada,12-07-2016 12:00,1
56.9,45,21248.42,157.6,Triple-buffered reciprocal time-frame,New Michael,1,Canada,12-07-2016 18:00,0
60.46,55,74544.21,167.83,Advanced mobile framework,Davidton,1,India,13-07-2016 00:00,1
79.98,59,64075.08,259.19,Organic bottom-line service-desk,West Terrifurt,1,Nauru,13-07-2016 06:00,1
37.75,30,29378.85,198.44,Optimized content strategy,New Michael,1,Italy,13-07-2016 12:00,0
63.41,19,41527.21,152.16,Organic bottom-line service-desk,Davidton,0,Nauru,13-07-2016 18:00,1
55.84,57,33601.42,212.4,Advanced mobile framework,South Manuel,1,France,14-07-2016 00:00,0
76.21,53,36049.47,130.24,Monitored national standardization,Wrightburgh,1,Canada,14-07-2016 06:00,0
88.48,57,56579.35,271.68,Monitored national standardization,Wrightburgh,0,San Marino,14-07-2016 12:00,0
82.25,41,29421.95,158.42,Advanced mobile framework,New Michael,0,San Marino,14-07-2016 18:00,1
50.08,26,27379.01,140.38,Optimized content strategy,Wrightburgh,0,Canada,15-07-2016 00:00,1
47.21,28,25114.03,174.49,Optimized content strategy,Lake Jose,0,San Marino,15-07-2016 06:00,1
77.23,26,68106.12,182.68,Optimized content strategy,New Michael,1,Tunisia,15-07-2016 12:00,1
38.74,18,63057.54,203.47,Monitored national standardization,West Jodi,1,France,15-07-2016 18:00,1
88.92,28,46044.34,178.65,Cloned 5thgeneration orchestration,Davidton,0,Iceland,16-07-2016 00:00,1
54.12,53,72412.78,244.31,Vision-oriented solution,Lake Jose,0,Iceland,16-07-2016 06:00,0
72.02,46,58632.76,277.52,Advanced mobile framework,Lake Jose,1,Italy,16-07-2016 12:00,1
35.06,52,40069.58,245.02,Organic bottom-line service-desk,South Manuel,0,Nauru,16-07-2016 18:00,1
61.28,58,29601.64,105.58,Robust logistical utilization,West Terrifurt,1,India,17-07-2016 00:00,0
73.92,41,35585.39,201.5,Monitored national standardization,Wrightburgh,0,Canada,17-07-2016 06:00,1
64.35,18,47188.83,296.59,Triple-buffered reciprocal time-frame,Lake Jose,1,Iceland,17-07-2016 12:00,0
72.86,51,64250.74,121.05,Triple-buffered reciprocal time-frame,Lake Jose,1,Nauru,17-07-2016 18:00,0
72.7,44,24916.83,112.44,Organic bottom-line service-desk,New Michael,0,Canada,18-07-2016 00:00,0
52.16,51,44165.22,211.79,Optimized content strategy,South Manuel,1,India,18-07-2016 06:00,1
71.34,49,63903.02,183.38,Organic bottom-line service-desk,Davidton,0,Canada,18-07-2016 12:00,1
37.76,50,71796.3,123.61,Triple-buffered reciprocal time-frame,New Michael,1,Tunisia,18-07-2016 18:00,0
86.64,41,75301.84,123.75,Optimized content strategy,West Jodi,0,France,19-07-2016 00:00,1
32.42,27,27064.53,160.98,Vision-oriented solution,South Manuel,1,Canada,19-07-2016 06:00,0
77.47,27,67027.55,184.35,Robust logistical utilization,South Manuel,0,San Marino,19-07-2016 12:00,1
30.13,53,40918.94,274.09,Optimized content strategy,New Michael,1,Canada,19-07-2016 18:00,1
76.88,48,70067.6,266.74,Organic bottom-line service-desk,Davidton,1,Canada,20-07-2016 00:00,1
38.94,38,25358.9,224.95,Optimized content strategy,Millerport,0,India,20-07-2016 06:00,1
62.46,60,73402.59,247.18,Monitored national standardization,Davidton,0,Iceland,20-07-2016 12:00,0
68.63,23,31545.6,223.74,Cloned 5thgeneration orchestration,West Terrifurt,1,Tunisia,20-07-2016 18:00,0
69.5,52,30784.6,103.79,Triple-buffered reciprocal time-frame,West Terrifurt,1,Nauru,21-07-2016 00:00,1
54.11,20,49488.38,286.77,Vision-oriented solution,Millerport,0,India,21-07-2016 06:00,0
81.58,38,42920.66,118.21,Monitored national standardization,Davidton,1,San Marino,21-07-2016 12:00,0
45.33,23,29253.64,290.43,Organic bottom-line service-desk,Wrightburgh,1,San Marino,21-07-2016 18:00,0
72.8,37,43396.38,164.01,Optimized content strategy,Lake Jose,1,India,22-07-2016 00:00,0
33.11,33,65128.02,217.21,Advanced mobile framework,Millerport,0,Iceland,22-07-2016 06:00,0
49.1,53,44424.59,196.83,Optimized content strategy,West Terrifurt,0,Iceland,22-07-2016 12:00,0
44.78,53,59093.05,125.11,Optimized content strategy,New Michael,0,Italy,22-07-2016 18:00,0
52.4,28,66921.42,207.51,Optimized content strategy,New Michael,0,Tunisia,23-07-2016 00:00,1
87.67,57,37354.97,294.42,Cloned 5thgeneration orchestration,Wrightburgh,1,Iceland,23-07-2016 06:00,1
80.37,42,79954.51,268.49,Triple-buffered reciprocal time-frame,South Manuel,0,San Marino,23-07-2016 12:00,0
48.04,43,61905.76,266.1,Robust logistical utilization,Millerport,0,France,23-07-2016 18:00,1
68.11,46,36380.79,232.46,Vision-oriented solution,Lake Jose,0,Canada,24-07-2016 00:00,1
30.95,26,58786.6,100.41,Advanced mobile framework,Wrightburgh,0,San Marino,24-07-2016 06:00,1
63.35,49,65747.91,207.63,Monitored national standardization,Wrightburgh,1,Nauru,24-07-2016 12:00,1
88.32,42,69648.01,171.59,Organic bottom-line service-desk,Wrightburgh,0,Canada,24-07-2016 18:00,1
86.17,46,20561.8,248.63,Robust logistical utilization,Lake Jose,0,Nauru,25-07-2016 00:00,1
78.5,32,34055.48,198.76,Vision-oriented solution,Wrightburgh,1,Canada,25-07-2016 06:00,0
30.43,58,43765.17,273.98,Advanced mobile framework,Davidton,0,San Marino,25-07-2016 12:00,0
65.29,22,27645.85,286.71,Triple-buffered reciprocal time-frame,South Manuel,0,Tunisia,25-07-2016 18:00,1
70.84,47,20117.3,185.42,Cloned 5thgeneration orchestration,Lake Jose,1,India,26-07-2016 00:00,1
37.3,51,47995.2,172.29,Cloned 5thgeneration orchestration,West Terrifurt,0,Iceland,26-07-2016 06:00,1
61.94,38,20309.56,138.92,Monitored national standardization,Wrightburgh,0,India,26-07-2016 12:00,0
85.02,30,29868.89,162.16,Monitored national standardization,Wrightburgh,1,India,26-07-2016 18:00,0
65.55,58,76103.65,268.1,Triple-buffered reciprocal time-frame,West Jodi,1,Italy,27-07-2016 00:00,1
79.95,39,51180.5,147.35,Monitored national standardization,New Michael,0,Canada,27-07-2016 06:00,0
35.13,21,75002.86,175.48,Monitored national standardization,Davidton,0,Canada,27-07-2016 12:00,0
48.09,58,45910.34,120.37,Cloned 5thgeneration orchestration,Wrightburgh,1,India,27-07-2016 18:00,1
35.75,44,33986.72,219.92,Cloned 5thgeneration orchestration,New Michael,1,Canada,28-07-2016 00:00,1
82.8,57,26076.68,230.18,Cloned 5thgeneration orchestration,New Michael,1,Italy,28-07-2016 06:00,0
36.16,56,62797.96,218.58,Triple-buffered reciprocal time-frame,Davidton,1,France,28-07-2016 12:00,1
58.88,57,46677.46,148.63,Cloned 5thgeneration orchestration,Wrightburgh,0,Iceland,28-07-2016 18:00,1
60.79,59,65262.42,162.24,Organic bottom-line service-desk,Davidton,1,Iceland,29-07-2016 00:00,1
47.46,18,51060.84,231.54,Organic bottom-line service-desk,Wrightburgh,0,Tunisia,29-07-2016 06:00,1
50.63,30,58433.29,140.25,Monitored national standardization,Lake Jose,0,Canada,29-07-2016 12:00,1
65.99,39,71120.52,213.22,Vision-oriented solution,South Manuel,1,France,29-07-2016 18:00,0
36.29,20,49755.84,283.99,Triple-buffered reciprocal time-frame,West Terrifurt,1,Italy,30-07-2016 00:00,0
58.84,39,68436.28,175.18,Optimized content strategy,Davidton,0,France,30-07-2016 06:00,0
34.42,19,53281.5,128.48,Advanced mobile framework,West Terrifurt,1,Tunisia,30-07-2016 12:00,0
41.95,36,30448.8,277.08,Organic bottom-line service-desk,Lake Jose,0,San Marino,30-07-2016 18:00,0
31.29,34,74638.94,104.2,Organic bottom-line service-desk,Millerport,0,France,31-07-2016 00:00,0
48.3,33,42178.44,174.47,Organic bottom-line service-desk,Millerport,0,Nauru,31-07-2016 06:00,0
82.96,26,67693.89,138.34,Optimized content strategy,Lake Jose,1,India,31-07-2016 12:00,0
85.26,57,55239.55,270.89,Robust logistical utilization,Davidton,1,Italy,31-07-2016 18:00,0
67.77,35,72371.09,270.3,Advanced mobile framework,West Terrifurt,0,Canada,01-08-2016 00:00,0
40.05,42,65078.48,229.01,Vision-oriented solution,New Michael,1,San Marino,01-08-2016 06:00,1
72.75,51,61670.58,243.13,Advanced mobile framework,New Michael,1,India,01-08-2016 12:00,0
42.43,30,47124.8,146.88,Triple-buffered reciprocal time-frame,South Manuel,1,India,01-08-2016 18:00,0
86.13,41,35271.75,116.95,Monitored national standardization,South Manuel,1,France,02-08-2016 00:00,0
65.04,47,50735.73,167.27,Advanced mobile framework,New Michael,1,India,02-08-2016 06:00,1
78.27,38,36381.17,104.94,Advanced mobile framework,West Terrifurt,1,Nauru,02-08-2016 12:00,1
84.09,36,70556.2,202.56,Monitored national standardization,South Manuel,0,Nauru,02-08-2016 18:00,0
34.28,20,52761.56,166.75,Vision-oriented solution,South Manuel,1,Iceland,03-08-2016 00:00,0
72.34,26,79904.31,250.48,Robust logistical utilization,Wrightburgh,1,Iceland,03-08-2016 06:00,1
76.99,43,76748.9,264.37,Cloned 5thgeneration orchestration,New Michael,0,India,03-08-2016 12:00,0
43.62,31,48466.3,203.17,Advanced mobile framework,New Michael,1,Nauru,03-08-2016 18:00,1
80.75,45,66207.86,239.59,Triple-buffered reciprocal time-frame,New Michael,1,Tunisia,04-08-2016 00:00,1
38.34,26,38334.32,247.56,Advanced mobile framework,Lake Jose,1,Italy,04-08-2016 06:00,1
55.54,43,65770.49,238.1,Robust logistical utilization,Lake Jose,0,Tunisia,04-08-2016 12:00,0
39.22,39,54091.45,259.83,Optimized content strategy,Millerport,0,India,04-08-2016 18:00,0
62.07,30,48486.66,165.77,Advanced mobile framework,South Manuel,0,San Marino,05-08-2016 00:00,0
70.49,29,21923.55,237.8,Advanced mobile framework,Wrightburgh,0,Italy,05-08-2016 06:00,0
84.68,42,37029.06,146.61,Monitored national standardization,New Michael,0,France,05-08-2016 12:00,0
40.31,44,43466.32,297.92,Organic bottom-line service-desk,Millerport,1,Nauru,05-08-2016 18:00,1
87.31,31,27795.94,141.14,Optimized content strategy,New Michael,0,Iceland,06-08-2016 00:00,0
60.15,47,36526.46,101.49,Organic bottom-line service-desk,New Michael,0,India,06-08-2016 06:00,0
61.55,54,72754.36,192.04,Cloned 5thgeneration orchestration,West Jodi,1,Canada,06-08-2016 12:00,1
72.02,37,43465.42,264.69,Organic bottom-line service-desk,Millerport,0,San Marino,06-08-2016 18:00,1
57.47,60,31006.66,213.72,Optimized content strategy,Wrightburgh,0,San Marino,07-08-2016 00:00,1
82.95,52,37513.38,283.26,Triple-buffered reciprocal time-frame,New Michael,1,Nauru,07-08-2016 06:00,1
34.59,24,50263.69,255.9,Optimized content strategy,New Michael,0,Iceland,07-08-2016 12:00,0
60.36,47,21603.07,227.77,Advanced mobile framework,Millerport,1,India,07-08-2016 18:00,0
53.8,18,35036.34,241.82,Organic bottom-line service-desk,Lake Jose,1,Canada,08-08-2016 00:00,1
34.09,53,59421.36,242.72,Advanced mobile framework,Davidton,1,Iceland,08-08-2016 06:00,0
40.24,19,56419.31,135.45,Monitored national standardization,Millerport,0,Nauru,08-08-2016 12:00,0
70.64,27,46439.48,135.59,Cloned 5thgeneration orchestration,West Terrifurt,1,Tunisia,08-08-2016 18:00,0
53.44,37,46639.2,219.64,Cloned 5thgeneration orchestration,Millerport,0,Italy,09-08-2016 00:00,1
84.53,30,25483.19,184.34,Cloned 5thgeneration orchestration,Lake Jose,0,Nauru,09-08-2016 06:00,0
87.52,24,67815.45,266.09,Organic bottom-line service-desk,Davidton,0,India,09-08-2016 12:00,0
78.94,38,53723.25,137.91,Triple-buffered reciprocal time-frame,Millerport,1,Nauru,09-08-2016 18:00,0
42.83,40,39402.07,103.0,Vision-oriented solution,Wrightburgh,1,Italy,10-08-2016 00:00,1
43.21,60,68905.09,229.99,Vision-oriented solution,Wrightburgh,0,Italy,10-08-2016 06:00,1
48.09,56,49974.56,298.09,Organic bottom-line service-desk,South Manuel,0,France,10-08-2016 12:00,1
70.67,26,39922.79,227.07,Vision-oriented solution,New Michael,0,France,10-08-2016 18:00,0
66.51,55,46934.69,202.21,Triple-buffered reciprocal time-frame,Wrightburgh,0,Tunisia,11-08-2016 00:00,0
48.53,45,65434.74,223.95,Cloned 5thgeneration orchestration,Davidton,1,Canada,11-08-2016 06:00,1
42.12,42,32263.12,107.58,Advanced mobile framework,Lake Jose,0,Iceland,11-08-2016 12:00,1
68.62,20,51252.37,295.51,Robust logistical utilization,Wrightburgh,0,France,11-08-2016 18:00,1
44.53,52,23244.44,283.54,Triple-buffered reciprocal time-frame,West Terrifurt,1,France,12-08-2016 00:00,0
56.54,18,23877.01,198.33,Triple-buffered reciprocal time-frame,Wrightburgh,0,Italy,12-08-2016 06:00,0
35.51,55,52930.83,259.05,Triple-buffered reciprocal time-frame,West Terrifurt,0,India,12-08-2016 12:00,1
48.69,30,34695.5,135.29,Triple-buffered reciprocal time-frame,South Manuel,1,Canada,12-08-2016 18:00,0
46.31,48,24800.96,294.51,Optimized content strategy,Millerport,0,Canada,13-08-2016 00:00,1
55.36,57,64095.69,252.06,Advanced mobile framework,Wrightburgh,1,India,13-08-2016 06:00,0
75.53,37,55711.0,130.56,Organic bottom-line service-desk,South Manuel,1,Canada,13-08-2016 12:00,1
57.22,42,53728.53,196.17,Vision-oriented solution,Davidton,1,Italy,13-08-2016 18:00,0
84.97,18,20770.06,200.14,Vision-oriented solution,New Michael,1,India,14-08-2016 00:00,1
88.23,41,43042.25,161.56,Monitored national standardization,Millerport,0,Nauru,14-08-2016 06:00,1
85.93,28,31653.69,187.26,Robust logistical utilization,Lake Jose,1,France,14-08-2016 12:00,0
69.05,45,64139.85,148.47,Cloned 5thgeneration orchestration,Lake Jose,0,San Marino,14-08-2016 18:00,1
66.33,27,35257.28,220.43,Organic bottom-line service-desk,Wrightburgh,0,Nauru,15-08-2016 00:00,1
53.86,55,78448.74,116.07,Triple-buffered reciprocal time-frame,Millerport,0,India,15-08-2016 06:00,1
71.51,50,78061.01,231.7,Optimized content strategy,South Manuel,1,Nauru,15-08-2016 12:00,0
68.17,40,68853.68,153.8,Triple-buffered reciprocal time-frame,Millerport,1,Tunisia,15-08-2016 18:00,0
78.98,18,25812.24,254.75,Optimized content strategy,Millerport,1,India,16-08-2016 00:00,0
40.58,29,62242.83,139.6,Organic bottom-line service-desk,West Jodi,1,Italy,16-08-2016 06:00,0
42.06,29,68550.72,138.38,Optimized content strategy,New Michael,0,San Marino,16-08-2016 12:00,0
47.59,42,27480.89,112.85,Cloned 5thgeneration orchestration,West Terrifurt,1,Canada,16-08-2016 18:00,0
30.57,35,65107.92,101.45,Cloned 5thgeneration orchestration,West Jodi,0,Tunisia,17-08-2016 00:00,1
66.18,35,75927.7,194.65,Vision-oriented solution,Millerport,1,France,17-08-2016 06:00,1
89.97,33,76459.46,233.02,Optimized content strategy,Wrightburgh,1,France,17-08-2016 12:00,0
30.19,43,63513.21,277.59,Organic bottom-line service-desk,Wrightburgh,0,Iceland,17-08-2016 18:00,0
52.11,57,61171.09,273.97,Optimized content strategy,West Terrifurt,0,France,18-08-2016 00:00,0
68.03,20,78175.85,247.16,Advanced mobile framework,West Terrifurt,1,India,18-08-2016 06:00,0
50.9,48,79212.29,271.42,Monitored national standardization,Millerport,1,Italy,18-08-2016 12:00,0
82.19,54,67091.72,243.33,Cloned 5thgeneration orchestration,Davidton,1,Nauru,18-08-2016 18:00,1
79.94,53,79233.18,193.36,Advanced mobile framework,West Jodi,1,Italy,19-08-2016 00:00,0
42.7,60,61994.54,121.09,Cloned 5thgeneration orchestration,Davidton,1,India,19-08-2016 06:00,1
43.22,34,59955.96,290.3,Monitored national standardization,Davidton,1,Nauru,19-08-2016 12:00,1
82.32,54,65980.24,220.14,Vision-oriented solution,Millerport,1,India,19-08-2016 18:00,0
43.41,25,37458.59,122.28,Vision-oriented solution,West Terrifurt,0,France,20-08-2016 00:00,0
81.2,42,54615.01,100.34,Cloned 5thgeneration orchestration,West Terrifurt,1,India,20-08-2016 06:00,1
76.28,26,51185.08,220.32,Triple-buffered reciprocal time-frame,West Jodi,1,Tunisia,20-08-2016 12:00,1
48.96,36,70233.0,199.97,Advanced mobile framework,Davidton,1,San Marino,20-08-2016 18:00,0
65.93,37,50142.68,237.72,Robust logistical utilization,New Michael,0,Canada,21-08-2016 00:00,1
72.25,42,23528.76,262.04,Organic bottom-line service-desk,West Terrifurt,0,Tunisia,21-08-2016 06:00,0
81.41,43,37946.11,263.0,Organic bottom-line service-desk,Wrightburgh,1,France,21-08-2016 12:00,1
70.67,40,65462.85,178.21,Robust logistical utilization,South Manuel,0,India,21-08-2016 18:00,0
37.85,55,71951.33,110.82,Robust logistical utilization,New Michael,0,San Marino,22-08-2016 00:00,1
71.76,36,73833.09,141.95,Triple-buffered reciprocal time-frame,Wrightburgh,1,Nauru,22-08-2016 06:00,0
52.59,45,60766.72,133.64,Cloned 5thgeneration orchestration,West Jodi,1,Canada,22-08-2016 12:00,0
86.7,25,78816.61,230.02,Optimized content strategy,Davidton,1,Italy,22-08-2016 18:00,0
37.13,43,49317.55,237.6,Organic bottom-line service-desk,Millerport,0,Canada,23-08-2016 00:00,1
46.51,59,46707.1,102.32,Monitored national standardization,West Jodi,0,Canada,23-08-2016 06:00,0
31.38,54,79240.96,195.9,Monitored national standardization,Davidton,1,Canada,23-08-2016 12:00,1
47.9,26,25966.48,112.7,Organic bottom-line service-desk,Millerport,0,India,23-08-2016 18:00,1
33.84,55,52338.91,263.77,Monitored national standardization,West Terrifurt,0,San Marino,24-08-2016 00:00,0
30.32,46,68030.78,124.61,Organic bottom-line service-desk,West Terrifurt,0,Nauru,24-08-2016 06:00,1
81.09,20,25076.62,124.94,Robust logistical utilization,Lake Jose,0,India,24-08-2016 12:00,0
44.9,20,76772.88,203.89,Robust logistical utilization,New Michael,0,Canada,24-08-2016 18:00,1
61.36,40,56370.33,202.12,Monitored national standardization,Wrightburgh,0,Tunisia,25-08-2016 00:00,0
38.5,31,77445.38,220.43,Triple-buffered reciprocal time-frame,Lake Jose,1,San Marino,25-08-2016 06:00,1
34.46,34,35640.47,229.95,Organic bottom-line service-desk,Millerport,1,Nauru,25-08-2016 12:00,1
70.59,27,52154.26,114.11,Robust logistical utilization,West Terrifurt,1,San Marino,25-08-2016 18:00,1
79.29,38,79546.94,186.73,Cloned 5thgeneration orchestration,West Terrifurt,0,Iceland,26-08-2016 00:00,0
61.89,53,44406.88,165.87,Monitored national standardization,Lake Jose,1,Iceland,26-08-2016 06:00,0
82.13,32,36418.81,119.59,Triple-buffered reciprocal time-frame,Millerport,0,Nauru,26-08-2016 12:00,0
61.59,37,55329.62,261.36,Monitored national standardization,Lake Jose,1,Iceland,26-08-2016 18:00,0
83.79,28,39079.78,250.37,Organic bottom-line service-desk,Lake Jose,1,Canada,27-08-2016 00:00,0
45.54,50,62793.36,231.51,Organic bottom-line service-desk,Millerport,1,Tunisia,27-08-2016 06:00,1
72.45,33,60692.91,183.65,Advanced mobile framework,Davidton,1,France,27-08-2016 12:00,1
60.13,35,77156.98,204.12,Triple-buffered reciprocal time-frame,South Manuel,0,Iceland,27-08-2016 18:00,1
76.23,23,58080.6,115.34,Triple-buffered reciprocal time-frame,West Jodi,0,Tunisia,28-08-2016 00:00,0
74.6,53,75775.34,261.67,Cloned 5thgeneration orchestration,Millerport,0,Canada,28-08-2016 06:00,1
60.9,52,61872.92,181.09,Triple-buffered reciprocal time-frame,Wrightburgh,1,France,28-08-2016 12:00,0
89.65,60,77052.1,264.67,Cloned 5thgeneration orchestration,New Michael,0,Italy,28-08-2016 18:00,0
34.51,26,50821.07,290.5,Optimized content strategy,New Michael,1,San Marino,29-08-2016 00:00,1
88.18,39,74842.71,149.95,Monitored national standardization,South Manuel,1,Canada,29-08-2016 06:00,1
45.89,18,64281.54,213.77,Triple-buffered reciprocal time-frame,South Manuel,0,Canada,29-08-2016 12:00,1
33.45,18,56931.81,165.71,Vision-oriented solution,West Jodi,0,France,29-08-2016 18:00,0
54.12,18,26080.27,198.41,Monitored national standardization,Davidton,1,Nauru,30-08-2016 00:00,1
30.41,60,35008.09,194.14,Vision-oriented solution,South Manuel,1,India,30-08-2016 06:00,0
62.19,35,26521.7,187.71,Advanced mobile framework,Davidton,0,France,30-08-2016 12:00,1
30.35,30,26639.94,156.98,Organic bottom-line service-desk,Millerport,1,France,30-08-2016 18:00,0
39.62,30,76902.55,291.94,Robust logistical utilization,West Jodi,1,Canada,31-08-2016 00:00,1
77.99,26,39493.26,252.88,Optimized content strategy,Millerport,0,Nauru,31-08-2016 06:00,0
77.56,26,29332.52,200.0,Triple-buffered reciprocal time-frame,Wrightburgh,1,India,31-08-2016 12:00,0
56.06,36,36933.4,116.52,Optimized content strategy,West Terrifurt,0,San Marino,31-08-2016 18:00,0
46.87,25,71850.01,298.85,Triple-buffered reciprocal time-frame,Millerport,0,Canada,01-09-2016 00:00,0
72.07,50,56666.03,137.73,Organic bottom-line service-desk,West Terrifurt,0,San Marino,01-09-2016 06:00,1
32.3,30,75745.9,185.26,Triple-buffered reciprocal time-frame,West Jodi,0,India,01-09-2016 12:00,1
61.5,58,78807.46,144.36,Optimized content strategy,New Michael,0,India,01-09-2016 18:00,0
48.26,35,41814.57,288.6,Optimized content strategy,West Terrifurt,1,Tunisia,02-09-2016 00:00,0
32.45,21,59625.85,164.33,Robust logistical utilization,New Michael,1,Nauru,02-09-2016 06:00,1
41.09,49,41814.87,160.87,Monitored national standardization,Wrightburgh,0,France,02-09-2016 12:00,1
74.48,41,64575.92,217.78,Vision-oriented solution,West Terrifurt,1,Italy,02-09-2016 18:00,1
35.23,24,27829.12,248.52,Monitored national standardization,Wrightburgh,0,Italy,03-09-2016 00:00,1
85.53,22,76509.08,223.8,Robust logistical utilization,New Michael,0,San Marino,03-09-2016 06:00,0
37.67,44,53029.74,150.51,Vision-oriented solution,Lake Jose,1,Nauru,03-09-2016 12:00,1
34.06,44,51425.77,290.49,Cloned 5thgeneration orchestration,Davidton,1,San Marino,03-09-2016 18:00,1
32.73,54,23647.6,294.49,Triple-buffered reciprocal time-frame,Millerport,1,Nauru,04-09-2016 00:00,0
56.26,50,43049.03,255.87,Optimized content strategy,South Manuel,0,San Marino,04-09-2016 06:00,0
39.6,31,55526.77,101.77,Advanced mobile framework,South Manuel,1,Italy,04-09-2016 12:00,1
72.5,53,27146.2,144.79,Triple-buffered reciprocal time-frame,South Manuel,0,San Marino,04-09-2016 18:00,1
85.63,35,72402.97,110.3,Triple-buffered reciprocal time-frame,West Terrifurt,0,Tunisia,05-09-2016 00:00,1
67.96,41,39473.71,289.29,Robust logistical utilization,Davidton,1,Iceland,05-09-2016 06:00,1
89.12,58,68955.33,264.79,Triple-buffered reciprocal time-frame,South Manuel,0,Iceland,05-09-2016 12:00,0
62.24,55,26386.56,249.15,Optimized content strategy,South Manuel,0,Canada,05-09-2016 18:00,0
49.46,31,54899.83,261.55,Optimized content strategy,Davidton,1,Italy,06-09-2016 00:00,1
52.12,48,25621.46,136.3,Organic bottom-line service-desk,Davidton,0,Canada,06-09-2016 06:00,0
68.85,19,38609.61,277.05,Optimized content strategy,West Terrifurt,0,San Marino,06-09-2016 12:00,0
55.58,47,74547.86,294.08,Monitored national standardization,Davidton,0,Nauru,06-09-2016 18:00,1
